ENAME,risk_label,risk_score,danger,avg_rainfall,total_buildings,mean_height,plot_r,Median_Time,Type_Industrial,Type_Office/Commercial,Type_Residential/Composite,Type_Others,Waterfront,Mean_Elev,Elev_Var,Elev_Min,Elev_Max,t_pop,adhz,ma_hh,pop_pub,pop_s,pop_pri,pop_non,pop_tem,dm_r
Siu Sai Wan,Medium Risk,0.3194684425073398,17.9,6.37,24,14.458333333333332,1.3160776230596298,1978.0,0.0,0.0,3.0,0.0,0,10.94615384615385,14,6,19,12447,3.1,24600,11487,0,692,268,0,2800.0
Tsui Tak,Medium Risk,0.4448364092830939,24.9,6.44,35,17.591428571428583,0.9756706553295598,1982.0,14.0,0.0,28.0,2.0,0,18.952380952380945,37,5,48,12740,2.7,38080,0,0,12571,168,1,11500.0
Yue Wan,Medium Risk,0.5851988550070972,32.8,6.44,39,14.600000000000001,0.6738793874963174,1995.0,0.0,0.0,6.0,7.0,0,24.86397058823529,62,5,83,16169,2.7,21210,11669,4290,186,24,0,2070.0
Fei Tsui,Low Risk,0.1474545754437376,8.3,6.44,39,8.256410256410259,0.0656321591925404,1974.0,0.0,0.0,3.0,4.0,0,275.4686230248308,456,32,501,14323,2.5,18100,8598,4000,1483,242,0,1890.0
King Yee,Medium Risk,0.41970986602973176,23.5,6.37,29,7.7379310344827665,0.03662659175191994,1993.0,0.0,1.0,18.0,4.0,1,49.10726072607254,120,0,130,14608,3.0,35190,0,13838,770,0,0,15000.0
Hing Man,Low Risk,0.278280835824263,15.6,6.71,25,10.824000000000012,0.05500061151418211,1978.0,0.0,0.0,4.0,1.0,0,221.3828451882843,378,20,470,13602,3.0,23020,12442,0,1042,118,0,2650.0
Lok Hong,Medium Risk,0.37317351495328466,20.9,6.71,72,15.850000000000016,0.42796343753712696,1978.0,28.0,2.0,12.0,7.0,0,63.61918194640344,151,3,163,11995,2.9,35630,597,3952,7182,264,0,6500.0
Yan Lam,Medium Risk,0.48655311291657294,27.3,6.37,54,8.070370370370377,0.25625210314918134,1997.0,0.0,0.0,20.0,2.0,1,10.497975708502025,24,0,23,15801,3.0,46070,0,6431,9370,0,0,23000.0
Upper Yiu Tung,Medium Risk,0.3611111771308863,20.2,6.71,13,7.592307692307706,0.050380091890967156,1987.5,0.0,1.0,35.0,5.0,0,102.97772277227716,148,22,200,13159,3.0,27250,9856,3074,213,16,0,2920.0
Lower Yiu Tung,Medium Risk,0.3475070256734622,19.5,6.71,73,8.876712328767127,0.8061802176343311,1985.0,0.0,8.0,59.0,3.0,0,30.23809523809524,63,5,78,15027,2.6,27000,5289,1026,8409,280,23,3180.0
Tsui Wan,Medium Risk,0.39839853418390053,22.3,6.37,117,9.817094017094004,0.749104488707571,1989.0,39.0,7.0,7.0,9.0,1,10.722222222222218,41,0,42,11801,2.8,30190,1699,6865,3191,46,0,2190.0
Shaukeiwan,Medium Risk,0.31638905360979863,17.7,6.71,94,12.040425531914892,4.388148143612931,1979.0,1.0,2.0,104.0,2.0,0,15.281818181818187,25,4,29,13442,2.5,30080,0,0,13118,322,2,11400.0
Aldrich Bay,High Risk,0.9877018345588329,55.4,6.71,31,16.319354838709685,1.0964895340436385,2018.0,0.0,0.0,2.0,0.0,1,42.94017094017096,61,11,83,17925,2.7,23420,9021,8354,238,311,1,2930.0
Heng Fa Chuen,Medium Risk,0.460181678606294,25.8,6.71,57,12.438596491228076,0.6013749906594584,1988.0,0.0,3.0,55.0,14.0,1,6.0978835978835955,19,0,18,18397,2.9,52700,0,0,18397,0,0,17800.0
Hing Tung,Medium Risk,0.5100243046866667,28.6,6.83,34,11.758823529411771,0.2626045747566296,1991.5,0.0,0.0,0.0,2.0,0,50.82352941176471,82,11,108,16972,2.8,25090,6131,10385,456,0,0,3540.0
Kornhill,Medium Risk,0.4489202945346119,25.2,6.83,39,12.933333333333337,0.7914230559784695,1986.0,0.0,1.0,26.0,8.0,0,58.40170940170938,55,33,98,14215,2.9,60660,0,0,14209,6,0,20000.0
Sai Wan Ho,Medium Risk,0.32181105068977245,18.0,6.83,231,14.220779220779168,5.607774256885425,1976.0,0.0,10.0,206.0,9.0,1,22.014018691588774,49,4,75,18771,2.5,31970,0,0,18630,69,72,10800.0
Nam Fung,Low Risk,0.2227649569100176,12.5,6.83,24,7.3708333333333655,0.6318892839111218,1978.0,0.0,0.0,27.0,2.0,0,37.6056338028169,19,27,52,13342,2.7,39640,0,0,13314,0,28,16000.0
Kornhill Garden,Medium Risk,0.48862073149576635,27.4,6.83,44,14.234090909090916,1.4693626050572204,1987.0,0.0,4.0,32.0,2.0,0,35.41463414634148,24,23,50,13083,2.7,40040,0,3908,9146,8,21,18500.0
Mount Parker,Low Risk,0.27057000030006756,15.2,6.83,57,12.308771929824587,0.03729824962498566,1975.0,0.0,1.0,21.0,1.0,0,221.8251823251824,457,10,489,12348,2.6,23840,0,0,12225,0,123,10200.0
Fortress Hill,Medium Risk,0.5789497919649206,32.4,6.94,105,20.9542857142857,5.938319118120177,1984.0,0.0,13.0,76.0,6.0,0,44.746913580246925,41,28,74,15464,3.0,50950,0,0,15451,5,8,22200.0
A Kung Ngam,Medium Risk,0.3177860044806754,17.8,6.71,193,11.312435233160645,0.7400940527139284,1980.0,12.0,1.0,48.0,22.0,1,41.032520325203244,139,0,149,18858,2.8,29000,5299,8530,4775,138,116,2210.0
Kam Ping,Medium Risk,0.3116306057575811,17.5,6.94,52,13.211538461538463,1.1322576393592343,1976.0,0.0,6.0,73.0,1.0,0,52.077777777777776,36,33,81,15812,2.7,31940,0,0,15668,144,0,12000.0
Fort Street,Medium Risk,0.4121660597877202,23.1,6.94,102,12.922549019607835,1.4296345163475803,1983.0,0.0,27.0,138.0,6.0,0,58.976377952755904,59,13,93,14489,2.5,30000,0,0,14480,4,5,13000.0
Tanner,Medium Risk,0.4429929711274244,24.8,6.94,27,16.159259259259258,1.3421107832660446,1981.0,0.0,0.0,69.0,0.0,0,56.86538461538463,61,23,94,16669,2.7,43710,0,0,16557,112,0,18300.0
Lei King Wan,Medium Risk,0.45732290621880883,25.6,6.83,43,11.77441860465117,0.4314690357531256,1988.0,0.0,1.0,35.0,2.0,1,12.938775510204081,33,2,51,20189,2.5,30100,717,0,19428,0,44,10000.0
Tai Koo Shing East,Low Risk,0.29302153684035687,16.4,6.83,10,10.289999999999985,0.16261398694186588,1979.0,0.0,0.0,54.0,3.0,1,12.31400966183575,43,0,44,18008,2.9,50300,0,0,18008,0,0,23000.0
Tai Koo Shing West,Medium Risk,0.34132899756957924,19.1,6.83,31,8.83870967741936,0.940967316700647,1984.0,5.0,12.0,41.0,1.0,1,17.509505703422047,45,0,48,17365,3.0,69280,0,0,17365,0,0,26000.0
City Garden,Medium Risk,0.3802858384500645,21.3,6.94,57,8.828070175438594,0.8172545030016883,1986.0,3.0,19.0,57.0,4.0,1,33.36410256410255,62,1,65,15212,2.9,34950,0,0,15158,52,2,15500.0
Provident,Medium Risk,0.4482741144038903,25.1,6.94,112,14.033035714285731,1.7060051733469443,1984.0,0.0,20.0,170.0,4.0,1,28.172619047619047,57,0,66,18697,2.6,29560,0,0,18674,6,17,12000.0
Healthy Village,Medium Risk,0.43173978241827976,24.2,6.94,135,11.553333333333338,1.3368685494472372,1986.0,13.0,12.0,63.0,11.0,1,54.391061452513995,133,0,181,14512,2.6,31060,4866,2512,6990,142,2,3600.0
Quarry Bay,Medium Risk,0.4716911505037847,26.4,6.83,99,14.13939393939394,1.513668313772746,1986.0,4.0,18.0,58.0,6.0,1,7.834437086092719,27,0,30,11198,2.4,30140,0,0,11179,0,19,14000.0
Braemar Hill,Medium Risk,0.45788329881765405,25.7,6.94,106,18.551886792452848,0.45496587662240795,1979.0,0.0,2.0,101.0,28.0,0,175.1143018018017,208,56,277,16171,3.5,85220,0,0,16042,129,0,38750.0
Chun Cheung,Medium Risk,0.34315018663466723,19.2,6.57,34,6.8382352941176485,0.10049481389025275,1988.0,0.0,0.0,0.0,5.0,0,73.95070422535211,109,27,158,14682,3.3,36100,6441,3715,4322,204,0,3300.0
Yau Lai,Medium Risk,0.3708706994214181,20.8,6.64,12,8.408333333333339,0.4599998567377581,1987.5,0.0,1.0,35.0,5.0,0,17.800000000000008,36,3,39,13751,2.8,20280,13751,0,0,0,0,3260.0
Hip Hong,Low Risk,0.13420565800498985,7.5,6.59,87,12.527586206896544,1.3532420793620388,1967.0,0.0,0.0,44.0,11.0,0,43.5438596491228,56,10,67,15927,2.5,18000,1701,2232,11916,15,63,5440.0
Upper Ngau Tau Kok Estate,Low Risk,0.1528994461700421,8.6,6.59,17,11.111764705882358,0.5000603034027035,1970.0,0.0,0.0,0.0,1.0,0,31.764044943820224,53,6,78,16007,2.4,13510,15997,0,0,6,4,2930.0
Hiu Lai,Medium Risk,0.3370417214098674,18.9,6.59,34,13.647058823529399,0.7690923134600858,1979.0,0.0,0.0,6.0,12.0,0,48.64102564102565,52,26,79,16691,2.9,30970,0,13083,3313,295,0,10000.0
Lok Wah South,Low Risk,0.24327533384061173,13.6,6.59,27,13.492592592592594,1.152015825214826,1973.0,0.0,0.0,6.0,3.0,0,70.40566037735847,44,34,91,12491,2.2,15000,9350,0,3050,91,0,1480.0
Lok Wah North,Medium Risk,0.46230301320525474,25.9,6.59,17,13.464705882352941,0.29745387826694836,1987.5,0.0,1.0,35.0,5.0,0,71.08219178082193,80,24,125,12690,2.6,19250,12563,0,0,127,0,1850.0
Sau Mau Ping North,Medium Risk,0.6003211421102975,33.6,6.59,40,14.759999999999994,0.6715996084760671,1995.0,0.0,0.0,3.0,5.0,0,76.98513011152417,61,45,113,18673,2.8,20410,18605,0,0,68,0,3230.0
Lower Ngau Tau Kok Estate,Low Risk,0.2766133872381927,15.5,6.59,57,13.65438596491228,0.9824442513810356,1975.0,0.0,0.0,2.0,0.0,0,20.51020408163265,50,4,63,18576,2.5,18320,11490,3508,3575,0,3,2040.0
To Tai,Medium Risk,0.3658072253226893,20.5,6.59,30,13.56666666666667,1.8384352814543237,1981.0,0.0,2.0,41.0,3.0,0,49.125,36,17,71,16675,2.3,33490,461,0,16095,109,10,12000.0
Pak Nga,Medium Risk,0.32640005235333375,18.3,6.64,17,6.052941176470579,0.39081809664826994,1987.5,0.0,1.0,35.0,5.0,0,66.87777777777777,72,34,125,12367,2.8,33840,0,9739,2628,0,0,13400.0
Kowloon Bay,Medium Risk,0.40774555471695334,22.9,6.59,173,11.77803468208095,0.9459185433373254,1986.0,52.0,41.0,42.0,20.0,0,11.42346368715084,34,3,37,13200,2.8,47440,0,0,13188,10,2,8500.0
Jordan Valley,Medium Risk,0.5116555829454645,28.7,7.01,25,14.283999999999992,0.9713068857437078,1987.5,0.0,1.0,35.0,5.0,0,60.20869565217394,97,14,134,20619,2.6,18040,15861,4627,81,50,0,2700.0
Shun Tin,Medium Risk,0.43200109974993584,24.2,7.01,39,9.664102564102564,0.3057629193425121,1988.0,0.0,0.0,0.0,1.0,0,93.2547683923706,121,23,149,18254,2.7,17600,18017,0,0,237,0,2030.0
On Lee,Medium Risk,0.5960932638517058,33.4,7.01,32,18.756250000000005,1.0026637545023336,1987.5,0.0,1.0,35.0,5.0,0,134.40677966101688,73,98,180,17570,2.6,18930,16975,0,0,594,1,1760.0
Kai Yip,Medium Risk,0.41418997643279715,23.2,6.86,102,12.569607843137266,0.6645017629752991,1984.0,0.0,2.0,11.0,2.0,0,10.172351885098745,38,2,49,20038,2.2,16450,14340,1137,4001,560,0,1990.0
Choi Tak,High Risk,0.9537738886495115,53.5,7.01,14,8.428571428571427,0.0982970666969285,2024.0,0.0,0.0,1.0,0.0,0,59.02597402597405,88,18,140,14553,2.4,16170,13653,867,0,33,0,2060.0
Po Tat,Medium Risk,0.4482172325488669,25.1,6.64,20,12.504999999999995,0.2499965868188896,1987.5,0.0,1.0,35.0,5.0,0,135.6845878136199,103,73,196,17104,2.9,21510,17104,0,0,0,0,3240.0
Ping Shek,Low Risk,0.22367286722434723,12.5,7.01,44,12.263636363636365,0.6646919015256049,1971.0,0.0,0.0,12.0,4.0,0,22.481632653061244,32,7,39,15412,2.7,22900,12008,2649,754,0,1,1970.0
Sheung Shun,Medium Risk,0.4108201835771655,23.0,7.01,37,8.943243243243256,0.15829387144132964,1987.5,0.0,1.0,35.0,5.0,0,120.97784810126579,77,73,168,17457,3.1,37970,6180,0,11221,56,0,2390.0
Lai Ching,Medium Risk,0.39872140163511843,22.3,6.86,60,10.948333333333323,2.221350897678523,1985.0,0.0,1.0,23.0,0.0,0,12.296551724137924,23,6,30,14617,2.6,31880,0,5701,8916,0,0,13000.0
Kwun Tong On Tai,Medium Risk,0.4532643819575101,25.4,7.01,23,11.19130434782608,0.8371314764826738,1987.5,0.0,1.0,35.0,5.0,0,154.26495726495716,84,85,193,20385,3.0,19520,20092,0,0,293,0,2850.0
Sau Mau Ping Central,Medium Risk,0.4833601653820092,27.1,6.59,25,14.580000000000005,0.28697691624440985,1987.5,0.0,1.0,35.0,5.0,0,130.66981132075477,85,84,178,17898,2.9,19310,17761,0,0,137,0,3240.0
King Tin,Medium Risk,0.43944283381289845,24.6,6.64,39,9.233333333333327,0.7426378602239838,1991.0,0.0,0.0,18.0,2.0,0,21.361702127659576,43,4,52,21058,3.1,46940,0,4834,16224,0,0,17200.0
Lam Tin,Medium Risk,0.40032119718556836,22.4,6.64,22,9.96818181818184,0.36182473852210933,1987.5,0.0,0.0,0.0,2.0,0,67.14375000000001,56,31,103,18666,2.8,20970,13798,4718,149,0,1,2900.0
Hing Tin,Medium Risk,0.4773445604806244,26.8,6.64,19,9.636842105263156,0.18163100616062042,1993.0,0.0,0.0,0.0,2.0,0,93.81981981981984,59,59,147,15455,2.6,20850,1908,11170,2311,66,0,1980.0
Kwong Tak,Medium Risk,0.415127221283003,23.3,6.64,33,7.945454545454545,0.05003415505238955,1991.0,0.0,0.0,0.0,1.0,0,131.7673267326731,109,73,195,18201,2.7,20150,8957,8465,448,330,1,2490.0
Yuet Wah,Low Risk,0.18134705995722394,10.2,6.59,53,15.826415094339609,2.034596998546454,1966.0,0.0,0.0,54.0,3.0,0,21.958677685950413,23,12,34,13414,2.7,26540,0,0,13183,0,231,10000.0
Sau Mau Ping South,Medium Risk,0.6117777735943731,34.3,6.64,25,21.167999999999992,1.5259980980145689,1987.5,0.0,1.0,35.0,5.0,0,98.90322580645159,58,68,194,17647,2.8,20040,17647,0,0,0,0,2850.0
Tsui Ping,Medium Risk,0.6888755908934184,38.6,6.64,86,15.22674418604652,1.1507811383307325,2000.0,0.0,0.0,0.0,9.0,0,35.061881188118804,88,2,109,18683,2.6,17040,16046,2426,46,160,5,2480.0
Po Lok,Low Risk,0.033033695026437236,1.9,6.59,26,10.37692307692307,1.561637250780981,1963.0,0.0,0.0,11.0,1.0,0,19.494505494505493,34,6,43,13585,2.6,20040,5451,7922,212,0,0,1940.0
Ting On,Low Risk,0.11756099484231487,6.6,6.59,100,11.646000000000008,3.3926567830768852,1967.0,0.0,1.0,37.0,4.0,0,19.76666666666667,33,7,64,15779,2.5,18600,11827,0,3914,12,26,2260.0
Yau Tong West,Medium Risk,0.379441874234851,21.3,6.57,780,13.572307692307668,2.2703739499869036,1982.0,29.0,4.0,47.0,7.0,1,19.000685871056262,89,0,107,21851,2.5,21110,14792,0,6485,144,430,3240.0
Ping Tin,Medium Risk,0.3433909834525662,19.2,6.64,33,13.769696969696962,0.5779330725229559,1979.0,0.0,1.0,3.0,3.0,0,67.34838709677423,64,25,102,19046,2.8,21930,17561,0,1377,108,0,3240.0
Laguna City,Medium Risk,0.47513929727090437,26.6,6.64,75,11.124000000000002,0.5065808668570855,1991.0,2.0,1.0,40.0,11.0,1,10.823999999999996,32,0,31,22718,3.0,59720,0,0,22498,208,12,17000.0
Kwun Tong Central,Medium Risk,0.37203906002812914,20.9,6.59,443,12.292776523702031,1.5295480972622382,1983.0,340.0,115.0,71.0,22.0,1,11.472739361702132,32,0,31,16766,2.5,21890,1421,3345,9662,2300,38,5000.0
Hong Lok,Low Risk,0.2256303281603184,12.6,6.59,96,10.152083333333323,1.1417755214101641,1976.0,0.0,0.0,70.0,11.0,0,56.086734693877524,70,12,90,15585,2.7,26900,0,0,14985,569,31,6800.0
Yau Oi North,Medium Risk,0.45461581903386267,25.5,5.03,81,17.71851851851852,0.9562540451994245,1990.0,0.0,0.0,9.0,3.0,0,8.442508710801377,33,1,34,14350,2.8,26450,10085,0,4221,44,0,1640.0
Lung Mun,Medium Risk,0.3716384909218673,20.8,5.03,629,14.125596184419699,1.6597619691774528,1989.0,58.0,5.0,22.0,26.0,0,95.66162162162168,374,3,511,16997,2.8,25240,2678,10370,2702,347,900,1880.0
Tuen Mun Town Centre,Medium Risk,0.30136563072801914,16.9,5.03,106,12.007547169811321,1.5636234874834098,1987.0,0.0,2.0,61.0,2.0,0,10.099071207430342,23,3,27,20420,2.6,36280,0,0,20417,0,3,10800.0
Shan King,Medium Risk,0.3386653951070024,19.0,5.03,28,13.582142857142863,2.446327312693065,1987.5,0.0,1.0,35.0,5.0,0,28.90967741935484,29,10,42,15467,2.5,18750,6328,8721,102,316,0,1250.0
Tsui Hing,Medium Risk,0.3195670043787698,17.9,5.03,183,12.97158469945353,2.2893522742310073,1987.0,65.0,3.0,34.0,4.0,0,26.901256732495526,77,6,86,18492,2.7,34040,0,0,17970,520,2,10500.0
King Hing,Low Risk,0.2729600316142933,15.3,5.03,71,16.116901408450694,1.0135611027161724,1980.0,0.0,0.0,2.0,7.0,0,20.043478260869556,36,8,44,15191,2.2,15000,12710,2145,25,311,0,1200.0
Hing Tsak,Medium Risk,0.4885115560919429,27.4,5.03,19,20.31578947368421,0.697102054453496,1989.0,0.0,1.0,5.0,1.0,0,24.2303664921466,54,5,75,15125,2.4,19040,9181,3560,2333,50,1,1270.0
Tin King,Medium Risk,0.551721244088488,30.9,5.03,24,24.866666666666664,1.6044036813677705,1987.5,0.0,1.0,35.0,5.0,0,28.32,25,18,49,14017,2.7,23140,1426,10916,1577,98,0,1430.0
Sam Shing,Medium Risk,0.5189134909580709,29.1,6.14,894,13.975055928411692,0.5998885000155207,1993.0,1.0,12.0,519.0,9.0,1,99.8813008130075,313,0,323,16423,2.8,30250,4554,0,11648,29,192,1680.0
Leung King,Medium Risk,0.40860813071841573,22.9,5.03,15,17.28666666666667,0.14293983084555714,1987.5,0.0,1.0,35.0,5.0,0,37.96124031007752,30,26,65,12064,2.7,23310,1854,9228,852,130,0,1600.0
Kin Sang,Medium Risk,0.49912038617328836,28.0,5.03,43,17.669767441860458,0.9966481898458043,1993.0,0.0,0.0,15.0,0.0,0,16.22797927461139,21,8,31,16135,2.6,30130,962,8199,6974,0,0,8000.0
San King,Medium Risk,0.4670349718023826,26.2,5.03,32,20.381249999999994,0.17230763318844172,1987.5,0.0,1.0,35.0,5.0,0,124.14219991635295,325,13,390,12747,2.6,24070,2373,8675,1675,0,24,1380.0
Prime View,Medium Risk,0.5412971790873672,30.3,5.03,206,14.28980582524271,2.549978169312994,2000.0,0.0,1.0,63.0,14.0,0,18.901388888888864,61,8,87,21518,2.6,37230,0,4879,16485,154,0,10600.0
Siu Hong,Medium Risk,0.3578416451886342,20.1,5.03,251,14.998804780876497,2.4729687415062522,1987.0,0.0,1.0,2.0,17.0,0,14.35928961748634,39,5,64,14401,2.6,25070,0,5167,6596,2638,0,10000.0
San Hui,Medium Risk,0.3146980770120788,17.6,5.57,971,14.416168898043242,0.7162015526245396,1982.0,0.0,0.0,105.0,17.0,0,199.62900801603246,464,4,470,19398,2.5,22500,0,0,18450,505,443,7500.0
Fu Tai,Medium Risk,0.6170103573640657,34.6,5.03,408,19.903921568627425,2.412427143864206,1998.0,0.0,0.0,13.0,0.0,0,36.050332383665705,103,9,112,20182,3.2,28070,16688,0,2620,166,708,2710.0
Lok Tsui,Medium Risk,0.47795580471666466,26.8,5.03,1057,12.538883632923358,0.21019295594619483,1998.0,19.0,4.0,23.0,44.0,1,115.06437909693395,508,0,523,15051,2.9,38000,0,2994,11997,28,32,9000.0
Tuen Mun Rural,Medium Risk,0.5706830377178597,32.0,5.03,2983,15.044250754274184,5.898730683555826,2001.0,0.0,0.0,48.0,13.0,0,54.319518716577534,289,5,299,27142,2.9,32300,0,0,22672,160,4310,9000.0
Po Tin,High Risk,0.8982331338431842,50.3,4.96,666,14.246546546546522,0.3274018080656002,2024.0,0.0,0.0,18.0,1.0,0,127.21993229788954,360,1,366,15805,1.8,10500,10775,0,4570,121,339,910.0
So Kwun Wat,High Risk,0.8508161187032107,47.7,6.14,1325,12.306792452830209,0.507471173117767,2017.0,0.0,1.0,355.0,13.0,0,133.75361774102672,442,3,446,14475,2.8,40150,0,0,13679,608,188,13000.0
Hanford,Medium Risk,0.3997778817088882,22.4,5.03,191,14.012041884816782,1.905144265532596,1991.0,4.0,2.0,103.0,8.0,0,20.293296089385493,66,1,68,14540,2.9,40000,0,0,14434,106,0,14000.0
Yan Tin,Medium Risk,0.5661026227220067,31.7,5.03,649,13.197688751926059,5.6578976047007545,2003.0,0.0,0.0,123.0,2.0,0,11.540043290043288,50,4,60,16779,2.9,19300,13212,0,3222,73,272,1930.0
Cheung Chau,Medium Risk,0.37388964702516697,21.0,5.41,3240,12.6210802469137,7.9902741206977606,1989.0,1.0,8.0,177.0,29.0,1,19.9130755064457,72,0,72,19769,2.6,22490,2739,0,16769,211,50,3360.0
Lamma & Po Toi,Medium Risk,0.5501039226704926,30.8,5.84,2163,12.097087378640758,0.43681002851672524,1999.0,3.0,0.0,13.0,46.0,1,62.291647691046805,312,0,313,6724,2.2,38100,0,0,6593,19,112,11000.0
Mun Yat,High Risk,0.8054179446495908,45.1,5.84,50,18.402000000000022,0.7422256890455221,2008.0,0.0,0.0,0.0,2.0,0,26.5060975609756,74,0,98,25628,3.3,21840,25596,0,0,31,1,2400.0
Yat Tung Estate North,Medium Risk,0.39156556589652985,21.9,5.84,35,12.922857142857136,5.052183880786362,1987.5,0.0,1.0,35.0,5.0,0,45.50000000000001,63,3,92,23933,3.0,21940,23933,0,0,0,0,2340.0
Peng Chau & Hei Ling Chau,High Risk,0.8581394958010045,48.1,5.6,1590,15.804088050314505,2.347447242781323,2016.0,0.0,1.0,104.0,8.0,1,45.92315194070595,203,0,202,6282,2.2,22130,655,239,4476,572,340,6000.0
Tung Chung Central,Medium Risk,0.6765898166221096,37.9,5.84,110,13.98454545454544,1.7370199759974523,2005.0,0.0,1.0,74.0,2.0,0,11.257383966244731,36,3,47,21366,2.7,54000,0,0,21251,115,0,16200.0
Discovery Bay,Medium Risk,0.42232023549210734,23.7,5.6,908,13.572356828193833,0.5280485741986234,1990.0,0.0,18.0,667.0,56.0,0,117.97635960044391,434,0,436,19336,2.7,75000,0,0,19295,32,9,24000.0
Lantau,Medium Risk,0.3894287306817819,21.8,5.84,6647,13.611659395215934,0.28426273403146884,1986.5,1.0,8.0,389.0,68.0,1,187.26740219407657,871,0,872,23607,2.5,24550,2359,3863,15133,948,1304,7000.0
Tung Chung North,High Risk,0.716324408513587,40.1,5.84,368,13.683152173913022,0.0914918546311567,2008.0,13.0,27.0,86.0,64.0,1,5.333579335793371,50,0,49,17546,2.5,24140,9166,0,8246,127,7,2000.0
Tung Chung South,Medium Risk,0.6813456591401106,38.2,5.84,86,17.84534883720933,2.2804163098221903,2000.5,0.0,10.0,17.0,5.0,0,22.818671454219036,90,0,112,21091,2.8,35150,5287,6152,9469,181,2,3150.0
Tsim Sha Tsui Central,Medium Risk,0.339487743263134,19.0,6.23,457,13.710940919037206,3.995163272851118,1981.0,0.0,255.0,219.0,21.0,0,16.392120075046922,33,6,40,13042,2.3,25640,0,0,12582,446,14,8200.0
Jordan North,Low Risk,0.07976593782763822,4.5,6.23,463,11.984449244060475,9.160461029224328,1966.0,0.0,52.0,266.0,8.0,0,14.812865497076022,14,8,21,14633,2.3,20140,0,0,14090,230,313,5500.0
Jordan West,Low Risk,0.14674215109614291,8.2,6.23,164,11.52195121951221,1.4535708689609592,1971.0,0.0,20.0,118.0,5.0,1,8.692307692307695,25,0,24,15528,2.4,21290,0,0,15379,0,149,5500.0
Yau Ma Tei South,Low Risk,0.1950959318329435,10.9,6.23,296,12.47905405405401,2.4129958726085032,1973.0,0.0,22.0,158.0,8.0,1,9.81262729124237,28,1,29,17750,2.4,20830,1545,0,15739,190,276,6500.0
Charming,Medium Risk,0.40132848185090114,22.5,6.23,82,10.169512195121953,2.820734170205684,1989.5,0.0,2.0,68.0,4.0,1,11.89729729729729,25,1,25,16172,2.8,33100,0,10466,5687,2,17,10000.0
East Tsim Sha Tsui & King's Park,Medium Risk,0.4269834676498121,23.9,6.23,324,11.929320987654304,0.8048706925512386,1989.0,0.0,89.0,130.0,72.0,1,14.867229933614967,46,0,45,14845,2.4,47000,0,0,11262,3523,60,17100.0
Tsim Sha Tsui West,Medium Risk,0.3972946278111666,22.3,6.21,249,14.452208835341363,1.1506334540491,1984.0,0.0,133.0,93.0,18.0,1,10.74020783373303,51,0,68,11515,2.4,32040,0,0,10647,666,202,18500.0
Yau Ma Tei North,Medium Risk,0.376020690648328,21.1,6.23,189,18.051851851851897,4.821157637082466,1978.0,0.0,64.0,124.0,10.0,0,22.20529801324503,23,11,33,11894,2.3,23140,0,0,11765,23,106,6800.0
Fu Pak,Medium Risk,0.5801869667912505,32.5,6.23,25,10.420000000000009,0.20157964963085165,2001.0,0.0,0.0,11.0,2.0,1,10.316,18,0,17,18266,3.0,33050,7724,1672,8702,128,40,3740.0
Mong Kok West,Low Risk,0.1744549823585331,9.8,6.23,352,12.18778409090909,7.7928729022423555,1972.0,0.0,71.0,183.0,3.0,0,15.301775147928991,25,6,30,15691,2.3,20040,0,0,15438,208,45,5200.0
Cherry,Medium Risk,0.3806495050784594,21.3,6.23,95,12.683157894736837,1.7365820512214005,1985.0,2.0,9.0,72.0,3.0,0,9.152380952380955,13,6,18,14818,2.4,30040,0,0,14093,682,43,10000.0
Mong Kok South,Low Risk,0.1256744488070233,7.0,6.23,353,12.411048158640224,6.7632200213305245,1968.5,0.0,72.0,211.0,15.0,0,20.53603603603603,24,9,32,16126,2.2,20140,0,0,15830,154,142,5500.0
Tai Kok Tsui South,Low Risk,0.23282111516730628,13.0,6.23,90,12.472222222222221,3.0947143565815693,1975.5,14.0,15.0,95.0,6.0,0,15.848484848484848,15,8,22,14275,2.3,24610,0,0,14111,148,16,8000.0
Olympic,Medium Risk,0.6669546079152875,37.4,6.59,28,11.07142857142857,0.40011799053305236,2004.0,0.0,4.0,44.0,3.0,1,8.660550458715607,21,0,20,19373,2.8,84320,0,0,19156,191,26,22000.0
Tai Kok Tsui North,Low Risk,0.25565432408961286,14.3,6.23,107,11.676635514018695,2.76226418359516,1978.0,36.0,0.0,60.0,7.0,0,19.850649350649356,31,6,38,19526,2.5,32630,0,0,18693,809,24,6500.0
Mong Kok North,Low Risk,0.14770306188294363,8.3,6.23,383,11.572845953002599,8.370699296093463,1971.0,27.0,59.0,262.0,5.0,0,14.012765957446804,21,6,26,16915,2.2,17900,0,0,16649,196,70,6000.0
Tai Nan,Low Risk,0.18223770841190562,10.2,6.23,353,11.798016997167167,4.9192975081211285,1973.0,9.0,21.0,265.0,15.0,0,18.0,17,10,26,19040,2.3,22220,0,0,17981,911,148,5000.0
Mong Kok East,Low Risk,0.16280336932199954,9.1,6.23,351,11.57065527065527,3.1384067306634664,1972.0,0.0,24.0,267.0,16.0,0,15.77556818181817,31,4,35,14235,2.3,20180,0,0,13869,270,96,7000.0
Jordan South,Low Risk,0.2463579596460243,13.8,6.23,220,10.382272727272742,8.670723252526493,1979.0,0.0,80.0,164.0,4.0,0,21.34751773049646,43,8,60,11376,2.4,25080,0,0,10948,408,20,9500.0
Kowloon Station,Medium Risk,0.6279048234287071,35.2,6.23,76,11.343421052631562,0.43850048156859855,2003.0,0.0,9.0,25.0,3.0,1,9.488372093023257,32,0,32,15627,3.1,89420,0,0,15246,377,4,38500.0
Cheung Ching,Medium Risk,0.33119433542876875,18.6,6.3,34,12.170588235294119,0.9088619996358769,1982.0,0.0,0.0,10.0,0.0,0,46.732,62,18,81,19934,2.8,24970,13824,1170,4915,25,0,1840.0
Cheung Hong,Medium Risk,0.40035200918901503,22.4,6.3,53,11.42264150943398,0.5682471806733527,1987.5,0.0,1.0,35.0,5.0,0,71.51891891891896,46,46,98,13880,2.5,20350,7505,4097,2237,41,0,1320.0
Shing Hong,Medium Risk,0.4892114585958244,27.4,6.3,55,16.129090909090934,5.112217459948212,1987.5,0.0,1.0,35.0,5.0,0,65.4705882352941,41,42,84,14861,2.6,20000,12930,1023,739,169,0,1710.0
Cho Yiu,Medium Risk,0.38626924255178785,21.6,6.67,136,13.506617647058818,0.8270475536323095,1982.0,0.0,2.0,31.0,10.0,0,78.46759259259257,153,9,166,14762,2.9,29290,6717,2894,3358,1792,1,2610.0
Lai King,Medium Risk,0.3585171085387694,20.1,6.67,177,12.036723163841806,0.21318351796885499,1982.0,43.0,14.0,0.0,18.0,1,13.543669770953926,91,0,93,13658,2.6,18820,10614,1026,2004,14,0,2060.0
Tsing Yi Estate,Medium Risk,0.35559097183885524,19.9,6.3,31,10.254838709677422,0.6468987637539904,1986.0,0.0,0.0,12.0,0.0,0,14.499999999999995,18,8,26,15134,2.7,29720,870,9847,4159,257,1,1770.0
Greenfield,Medium Risk,0.46563209700826086,26.1,6.3,581,13.276247848536983,5.404814534550167,1989.5,17.0,1.0,23.0,3.0,0,19.961409395973142,50,5,58,19789,2.7,36540,0,1583,18108,4,94,10000.0
Lai Wah,Medium Risk,0.5241126103902257,29.4,6.67,460,13.188695652173902,1.6545470730155285,1991.5,0.0,0.0,24.0,2.0,0,102.05633802816905,253,9,306,13758,2.8,30960,4061,5365,3973,208,151,4070.0
Tsing Yi South,Medium Risk,0.605737315613576,33.9,6.3,288,13.078125,0.28572887164699806,1999.0,38.0,9.0,17.0,31.0,1,68.6145333825154,287,0,290,18789,2.8,28170,11596,0,7074,75,44,3130.0
Wai Ying,Medium Risk,0.549971955726224,30.8,6.3,137,11.72846715328468,2.592264844135415,1997.0,0.0,2.0,24.0,7.0,0,13.950859950859943,28,1,28,17985,3.0,50280,1147,5315,11485,36,2,17000.0
Wah Lai,Medium Risk,0.42282987080504625,23.7,6.67,74,12.23513513513511,0.28254791874887475,1986.0,0.0,2.0,40.0,5.0,0,154.6616702355461,218,39,265,16182,2.9,28880,7930,0,7981,268,3,2050.0
Cheung On,Medium Risk,0.31609574002415797,17.7,6.3,20,6.960000000000001,0.2654897860281789,1987.5,0.0,1.0,35.0,5.0,0,29.092783505154642,30,13,46,11486,2.8,22950,912,10462,56,56,0,1850.0
Hing Fong,Low Risk,0.28791741817416516,16.1,6.67,178,12.307303370786517,2.07427207541949,1977.0,0.0,5.0,52.0,1.0,0,29.484342379958267,89,3,105,14055,2.6,28950,2291,0,11619,86,59,5600.0
On Ho,Medium Risk,0.6440788647769541,36.1,6.3,45,15.108888888888895,2.6430291975295557,1999.0,0.0,4.0,16.0,3.0,1,17.576530612244902,38,3,42,18393,2.9,32460,2837,7029,8393,133,1,4780.0
Ching Fat,Medium Risk,0.335513824088068,18.8,6.3,80,17.211249999999982,1.4070424360384732,1976.0,5.0,1.0,0.0,1.0,1,13.53185595567867,45,1,57,16417,2.8,25930,1726,12581,2013,96,1,1630.0
Cheung Hang,High Risk,0.871117269153604,48.8,6.3,52,8.688461538461546,0.21379012950639745,2022.0,0.0,0.0,2.0,0.0,1,55.19641672196423,159,3,168,12913,3.0,20850,12891,0,0,22,0,1870.0
Kwai Shing East Estate,Medium Risk,0.5415094073654773,30.3,6.26,31,19.4709677419355,1.9273933765006808,1987.0,0.0,0.0,0.0,5.0,0,61.77235772357724,61,24,116,17514,2.8,19320,16920,0,0,594,0,3130.0
Kwai Shing West Estate,Medium Risk,0.4011525851977403,22.5,6.67,112,9.48303571428572,1.0058917148917328,1988.0,56.0,2.0,6.0,13.0,1,35.79854689564076,125,3,128,17719,2.8,21000,16428,0,915,376,0,2180.0
Kwai Fong,Low Risk,0.24420739020214524,13.7,6.26,102,10.942156862745115,0.9621732113490925,1978.0,121.0,14.0,1.0,0.0,0,37.8815533980583,58,12,69,18855,2.8,21890,17185,0,0,1670,0,2620.0
Upper Tai Wo Hau,Low Risk,0.22595043351564817,12.7,6.26,14,5.5642857142857185,0.24664046107979246,1983.5,0.0,0.0,1.0,1.0,0,46.86021505376345,36,30,67,13990,2.5,20420,10522,955,2374,139,0,2360.0
Kwai Chung Estate South,Medium Risk,0.3160550453956472,17.7,6.26,58,11.53965517241382,5.6140663985909125,1982.0,0.0,1.0,0.0,17.0,0,43.96410256410258,53,18,71,20042,2.6,20040,17177,0,2714,151,0,2750.0
Kwai Hing,Low Risk,0.20361317407985088,11.4,6.26,32,11.999999999999986,2.218529915934195,1974.0,0.0,0.0,29.0,0.0,0,31.114583333333332,32,18,57,12836,2.6,22150,477,5978,5999,341,41,5400.0
Shek Lei North,Medium Risk,0.4126902552368045,23.1,6.26,17,12.247058823529414,1.3542314539002944,1987.5,0.0,1.0,35.0,5.0,0,94.43564356435645,53,64,127,12735,2.7,19120,12735,0,0,0,0,2760.0
Shek Lei South,Medium Risk,0.5333609566146268,29.9,6.26,64,9.415625000000006,0.287109877249834,1999.0,0.0,0.0,0.0,5.0,0,157.91564625850356,244,47,337,19053,2.8,19670,16752,1885,24,309,83,2170.0
Lower Tai Wo Hau,Low Risk,0.07602856410145288,4.3,6.26,28,6.846428571428575,1.2592063245519354,1972.0,0.0,0.0,14.0,2.0,0,34.75510204081634,36,14,50,13261,2.8,21800,9732,1737,1723,0,69,2130.0
Kwai Chung Estate North,Medium Risk,0.38630908236342704,21.7,6.26,29,8.844827586206897,0.36004068169885056,1990.0,15.0,4.0,0.0,6.0,0,28.32142857142857,44,9,55,17538,2.7,20150,17458,0,0,80,0,2760.0
Tai Pak Tin West,Low Risk,0.28571260421626155,16.0,6.26,54,14.744444444444426,1.1496699763190847,1976.0,70.0,5.0,48.0,8.0,0,67.6747967479674,68,27,101,15961,2.5,24140,0,0,13891,1692,378,5500.0
Shek Yam,Low Risk,0.2444180702175247,13.7,6.26,86,10.552325581395337,1.1592171044906523,1978.5,15.0,2.0,0.0,1.0,0,61.72164948453614,100,14,129,19009,2.9,23890,13999,4086,685,238,1,3130.0
On Yam,Medium Risk,0.30814752146876595,17.3,6.26,122,10.318852459016412,0.47265577519596114,1983.0,0.0,0.0,0.0,5.0,0,152.01506456241023,185,55,255,16285,3.0,22230,15983,0,0,177,125,3050.0
Kwai Luen,Medium Risk,0.338064517893747,18.9,6.26,88,11.903409090909086,1.0839933691562407,1983.0,0.0,2.0,9.0,13.0,0,33.5068870523416,89,7,118,13112,2.7,22790,7446,2440,2726,499,1,2750.0
Tai Pak Tin East,Low Risk,0.13274440186351777,7.4,6.26,28,8.246428571428574,0.26208213282574394,1974.0,0.0,0.0,48.0,1.0,0,79.65957446808511,51,53,124,15892,2.6,19000,6578,0,8821,346,147,3930.0
Wan Tsui,Medium Risk,0.5013745818245509,28.1,6.44,144,14.170138888888921,0.26375267374120354,1990.0,0.0,0.0,4.0,14.0,1,126.48840321141822,280,1,281,14521,2.6,21340,10373,1521,2399,183,45,2190.0
Kai Hiu,Medium Risk,0.39329963062934675,22.0,6.37,14,10.750000000000002,0.4115996252875955,1987.5,0.0,1.0,35.0,5.0,0,36.30994152046783,74,7,111,12271,3.0,26710,7216,4376,679,0,0,1980.0
Fu Nam,Medium Risk,0.6805903510808996,38.1,7.12,47,10.73191489361702,0.5483829744852378,2002.5,0.0,1.0,14.0,5.0,0,31.149484536082483,68,4,139,16665,2.8,37280,287,7759,8390,229,0,15000.0
King Lam,Medium Risk,0.3698885571373795,20.7,7.12,19,6.305263157894707,0.2370574412028811,1987.5,0.0,1.0,35.0,5.0,0,9.912751677852352,15,3,18,15419,2.6,20040,2023,12617,573,206,0,940.0
Wan Hang,Medium Risk,0.570555547437877,32.0,7.12,39,8.512820512820497,0.2565941865098787,1998.0,0.0,0.0,17.0,0.0,0,10.670833333333324,33,3,75,13898,3.0,50870,0,3482,10415,1,0,15000.0
Tsui Lam,Medium Risk,0.38239121414228144,21.4,6.64,27,9.018518518518512,0.19093306558111814,1987.5,0.0,1.0,35.0,5.0,0,88.20430107526879,93,38,139,13588,2.8,23850,2876,10368,164,180,0,1760.0
Hong King,Medium Risk,0.5642973296100336,31.6,7.12,54,8.983333333333313,0.19250826092109147,1997.0,0.0,1.0,11.0,6.0,0,35.140480591497194,86,4,90,12545,2.9,37000,0,5356,7189,0,0,13050.0
Yan Ying,Medium Risk,0.5492436015202846,30.8,7.12,39,6.58205128205126,0.33487090554823257,1999.0,0.0,0.0,12.0,1.0,0,12.37241379310345,29,4,45,18481,2.8,35020,0,6963,11518,0,0,15600.0
Po Lam,Medium Risk,0.40664521894195577,22.8,7.12,48,8.252083333333303,0.37093429589130295,1987.5,0.0,1.0,35.0,5.0,0,12.705128205128203,27,3,30,14084,2.7,20810,2827,10972,85,200,0,1680.0
Hang Hau West,Medium Risk,0.40215994209356304,22.5,6.61,2172,8.990791896869396,0.45860312168965256,1989.0,4.0,3.0,323.0,16.0,0,170.29434236856468,379,0,379,20082,3.1,43000,0,0,18562,803,717,10300.0
Hang Hau East,Medium Risk,0.3152089640352606,17.7,6.69,2563,10.459422551697486,0.35084786018833813,1981.0,3.0,5.0,809.0,55.0,1,71.8012143820936,274,0,276,16447,3.2,49170,0,0,15198,1134,115,13000.0
Sai Kung Central,Medium Risk,0.4905455708598396,27.5,7.54,934,10.500214132762324,2.310901064100967,1988.0,6.0,7.0,108.0,8.0,1,11.967293540474246,61,0,60,12173,2.7,30380,1358,1444,9281,50,40,9000.0
Pak Sha Wan,Medium Risk,0.40621126854476053,22.8,6.61,3333,10.00735073507349,0.4710708879210289,1988.0,2.0,4.0,857.0,32.0,1,145.5108840743405,529,0,537,16829,3.0,40020,0,0,16663,50,116,12500.0
Sai Kung Islands,Medium Risk,0.5107148354961155,28.6,6.74,3795,10.17501976284592,0.11860649959720691,1994.0,0.0,2.0,246.0,62.0,1,88.55776531643022,401,0,401,13707,2.9,40040,0,0,13342,187,178,15600.0
Po Yee,Medium Risk,0.6488649427310288,36.4,7.12,22,10.25454545454545,0.2716098967755854,2001.0,0.0,1.0,10.0,3.0,0,12.809523809523805,25,4,28,14765,2.9,25910,5479,9061,225,0,0,2490.0
Wai Yan,Medium Risk,0.5578278496716436,31.3,7.12,12,9.041666666666664,2.8558668882322173,1996.5,0.0,0.0,20.0,0.0,0,31.786666666666665,46,3,94,13849,2.6,34070,1805,5345,6564,135,0,1470.0
Po Nga,Medium Risk,0.6082236350381811,34.1,7.31,129,11.300000000000008,1.8381155252399013,1996.0,0.0,0.0,53.0,1.0,0,9.507788161993773,18,3,21,16763,2.9,27750,784,10376,5603,0,0,5000.0
On Tat,High Risk,0.8089709019924817,45.3,6.59,33,6.56363636363637,0.38925488695043675,2019.0,0.0,0.0,0.0,1.0,0,150.6020408163265,58,106,179,19737,2.6,16410,19737,0,0,0,0,2830.0
Yau Chui,Medium Risk,0.6440639196857842,36.1,6.57,25,29.19200000000002,8.322853644978348,1980.0,0.0,0.0,13.0,1.0,0,25.742574257425737,37,11,54,16434,3.0,40050,3411,4423,8378,222,0,2910.0
Yau Tong East,Medium Risk,0.4788058826188542,26.8,6.57,33,14.424242424242422,0.54015834406778,1987.5,0.0,1.0,35.0,5.0,0,65.11013215859033,106,7,146,12904,2.7,19420,12843,0,0,61,0,3240.0
Hin Ka,Medium Risk,0.3797198017015627,21.3,7.09,24,6.954166666666666,0.24566478734937788,1987.5,0.0,1.0,35.0,5.0,0,174.15308988764022,277,9,377,12252,2.8,27800,638,9378,2205,31,0,2250.0
Keng Hau,Medium Risk,0.6224807886481264,34.9,7.09,425,13.797176470588191,5.1801139413746,1995.0,0.0,0.0,30.0,3.0,0,25.123046874999993,78,5,89,18707,2.9,29140,2175,10046,6344,142,0,2750.0
Chui Tin,Low Risk,0.2931179910476801,16.4,7.09,28,8.382142857142856,0.03336216247809851,1980.0,0.0,1.0,18.0,0.0,0,157.62246897452653,322,5,330,14635,2.7,26350,6299,1629,6674,33,0,2190.0
Tin Sum,Medium Risk,0.5105850706442145,28.6,7.09,226,10.276548672566364,2.212653097021766,1992.0,0.0,0.0,0.0,2.0,0,12.115384615384606,25,6,35,13952,2.9,23480,12222,0,1632,98,0,2340.0
Sun Tin Wai,Medium Risk,0.4393358741668443,24.6,7.09,503,10.913717693836961,0.6128578939107635,1986.5,0.0,0.0,11.0,3.0,0,183.13368765331177,437,2,452,16628,2.7,26030,8893,0,6625,250,860,1960.0
Wan Shing,High Risk,0.7772272037474286,43.6,7.09,22,9.963636363636361,0.6395754017880388,2010.0,0.0,1.0,22.0,2.0,0,13.92227979274611,18,8,25,20005,3.4,55530,0,3912,16005,88,0,23500.0
Chui Ka,Medium Risk,0.4181861656642054,23.4,7.09,57,10.996491228070177,0.527358395326443,1985.0,0.0,2.0,38.0,3.0,0,14.162241887905601,32,5,37,17376,2.5,17640,10807,2609,3803,157,0,1940.0
Chun Fung,High Risk,0.8000015467981938,44.8,7.09,179,9.565921787709513,2.944061686531923,2012.0,0.0,0.0,5.0,0.0,0,10.871595330739302,41,2,52,15011,2.6,25980,5220,3243,6324,223,1,2250.0
Pok Hong,Medium Risk,0.5124600407524523,28.7,7.36,219,12.831050228310549,3.026662942952416,1987.5,0.0,1.0,35.0,5.0,0,12.992509363295886,27,5,35,15817,2.7,21570,1832,11940,1923,122,0,2110.0
Lower Shing Mun,Medium Risk,0.530507416322087,29.7,7.09,414,9.727777777777767,0.10424430125923834,1994.0,0.0,0.0,98.0,5.0,0,175.27482993197327,412,10,425,18378,2.7,19340,14502,463,2945,329,139,2760.0
Tai Wai,Medium Risk,0.3038341189677637,17.0,7.09,309,11.35566343042073,2.6678089630846737,1977.0,0.0,1.0,68.0,2.0,0,15.269480519480519,27,7,36,19924,2.4,19640,9850,3055,6954,56,9,2030.0
Sha Tin Town Centre,Medium Risk,0.44185547885461984,24.8,7.09,181,9.844198895027624,0.5715731608153302,1988.0,11.0,6.0,113.0,19.0,0,16.49319727891156,74,2,81,18833,2.6,43670,0,0,18659,171,3,13000.0
Yue Shing,Medium Risk,0.43872377116326466,24.6,7.36,56,10.12857142857144,0.37559559007250437,1986.0,0.0,1.0,27.0,3.0,0,10.887700534759356,27,3,30,14944,2.3,35420,0,3547,11397,0,0,12000.0
Wong Uk,Medium Risk,0.44708814852296946,25.1,7.36,140,11.373571428571424,1.2648718380167432,1985.0,0.0,4.0,51.0,12.0,0,11.81428571428573,33,1,33,16194,2.4,33920,0,0,15477,717,0,11000.0
City One,Medium Risk,0.4781226344439022,26.8,7.36,43,15.423255813953489,0.7797232079754185,1982.0,0.0,2.0,31.0,2.0,0,6.357976653696501,17,3,26,15407,2.7,40560,0,0,15074,333,0,13500.0
Wo Che Estate,Medium Risk,0.477331328233133,26.8,7.36,44,10.97045454545453,0.7743772254688329,1987.5,0.0,1.0,35.0,5.0,0,9.477876106194696,21,2,23,17572,3.0,23300,17487,0,0,85,0,2080.0
Lek Yuen,Medium Risk,0.5385813046041845,30.2,7.09,1019,11.759371933267992,3.9349204968528277,1992.0,0.0,4.0,5.0,16.0,0,43.5922330097087,148,2,156,15728,2.5,18200,12265,0,2980,249,234,1960.0
Chung Tin,High Risk,0.7794217547265807,43.7,7.09,402,11.683830845771112,0.2780707394029826,2008.0,0.0,0.0,32.0,1.0,0,186.8712454945936,446,8,469,15504,2.9,31300,2750,5652,6863,0,239,1940.0
Bik Woo,Medium Risk,0.6398735111686409,35.9,7.36,102,15.168627450980377,0.6788567370905705,1993.0,22.0,12.0,27.0,10.0,0,17.205414012738856,71,2,83,16368,3.0,40750,4703,0,11507,158,0,2740.0
Kwong Hong,High Risk,0.7085040970564382,39.7,7.36,279,12.387813620071714,0.3980764757937284,2001.0,0.0,0.0,1.0,12.0,0,112.65083440308081,335,4,361,12231,2.9,37020,0,5398,6351,482,0,2990.0
Yu Yan,Medium Risk,0.6589040284350516,36.9,7.36,735,10.562721088435424,0.19673993173390295,2000.0,10.0,4.0,10.0,23.0,0,237.59978880675882,555,2,558,18760,3.0,38550,0,12666,5839,255,0,13500.0
On Tai,Medium Risk,0.6438065842696628,36.1,7.54,33,8.993939393939392,0.19607354327439286,2000.0,0.0,0.0,6.0,0.0,1,20.869318181818176,52,1,63,13192,3.0,35720,0,9971,3221,0,0,15000.0
Heng On,Medium Risk,0.4922964463739445,27.6,7.54,33,10.993939393939396,0.4011895394376296,1987.5,0.0,1.0,35.0,5.0,0,12.71238938053097,21,5,27,18622,2.8,21400,1438,15578,1489,117,0,2010.0
Sha Kok,Medium Risk,0.4266289851178548,23.9,7.36,40,8.28500000000001,0.3335808020498388,1987.5,0.0,1.0,35.0,5.0,0,14.244604316546766,18,5,22,15740,2.4,15540,14014,0,1634,90,2,1450.0
Shui Chuen O,High Risk,0.989407750718636,55.5,7.36,74,10.424324324324317,0.059123651072186416,2022.0,0.0,0.0,5.0,4.0,0,229.39848377161803,434,3,449,19719,2.6,16820,19505,0,92,116,6,2730.0
Kwong Yuen,Medium Risk,0.45296708447817824,25.4,7.36,35,9.680000000000014,1.6001459429998872,1987.5,0.0,1.0,35.0,5.0,0,27.16666666666668,34,11,44,11716,2.7,22500,1712,9740,181,83,0,1660.0
Fo Tan,High Risk,0.9637213594088845,54.0,7.54,609,12.304597701149437,0.31002282803972897,2017.0,58.0,2.0,382.0,64.0,0,189.96220858895657,594,2,616,22127,3.0,54150,0,1774,19931,244,178,15000.0
Yiu On,Medium Risk,0.6003121185523359,33.6,7.54,20,16.715000000000003,0.9116421916577702,1987.5,0.0,1.0,35.0,5.0,0,15.338582677165356,18,6,24,15994,2.8,25830,1585,13195,1092,122,0,1650.0
Chung On,Medium Risk,0.6564335137469784,36.8,7.54,51,10.464705882352916,0.5391975299857941,1999.0,0.0,0.0,16.0,2.0,1,13.280528052805288,48,3,60,15264,3.1,36290,8330,0,6907,27,0,2830.0
Tai Shui Hang,Medium Risk,0.4951276882282393,27.7,7.54,352,11.544886363636383,0.16362036919841214,1987.0,0.0,1.0,17.0,4.0,0,244.14694508894107,613,2,630,18198,2.7,27040,6382,7590,4174,0,52,2500.0
Kam Ying,Medium Risk,0.6274021492664826,35.2,7.54,46,12.936956521739162,0.7406416960421813,1994.0,0.0,0.0,16.0,3.0,0,42.59248554913296,106,2,124,16691,2.8,39580,0,7673,9018,0,0,13000.0
Fu Lung,High Risk,0.7654376460107427,42.9,7.54,34,21.049999999999983,0.9137776857671936,1993.0,0.0,1.0,15.0,2.0,0,26.45762711864407,57,5,78,16243,2.7,32290,0,12352,3869,22,0,13000.0
Lee On,High Risk,0.7031581337948403,39.4,7.54,32,12.137500000000006,0.19136641044132463,2000.0,0.0,0.0,13.0,2.0,0,37.97173913043479,101,6,160,15621,3.1,31190,10535,0,5055,31,0,2430.0
Kam To,High Risk,0.8004136256142573,44.9,7.54,30,16.486666666666665,0.6293348904181232,2001.0,0.0,2.0,6.0,0.0,1,16.234374999999996,44,5,57,18699,3.0,35490,0,14747,3876,76,0,15000.0
Ma On Shan Town Centre,Medium Risk,0.5905757119208341,33.1,7.54,59,10.986440677966108,0.3709098394311345,1994.0,0.0,0.0,40.0,1.0,1,9.548507462686562,21,0,20,17782,2.8,43050,0,1889,15893,0,0,14500.0
Wu Kai Sha,High Risk,0.9539311265284115,53.5,7.54,391,10.182097186700723,0.8647479343908968,2019.0,0.0,1.0,172.0,22.0,1,6.809958506224071,48,0,56,23511,3.0,69880,0,0,23471,40,0,18500.0
Chun Ma,Medium Risk,0.4934534331248318,27.7,7.54,983,12.258189216683622,1.1749903592984678,1986.0,0.0,14.0,461.0,110.0,1,42.12720105124829,178,0,196,14492,3.3,97840,0,0,13198,1260,34,21000.0
Jat Chuen,Medium Risk,0.4174962587017493,23.4,7.36,230,12.212173913043497,1.2877269566940863,1982.0,0.0,2.0,3.0,6.0,0,52.2831632653061,164,2,189,20143,2.7,19950,18685,0,1147,305,6,2100.0
Sui Wo,Medium Risk,0.4620857829742763,25.9,7.09,465,10.91569892473115,0.49639497397828464,1988.0,22.0,1.0,157.0,14.0,0,229.7285908473034,537,4,543,23765,2.7,21570,9891,18,13504,21,331,2760.0
Hoi Nam,High Risk,0.8044559451648563,45.1,7.54,36,11.88888888888889,0.2560348621081783,2007.0,0.0,2.0,43.0,8.0,1,12.825581395348841,43,0,49,14343,3.1,57570,0,1757,12586,0,0,21250.0
Di Yee,Medium Risk,0.6334077039448115,35.5,7.36,28,10.01428571428572,0.701406177041449,1999.0,0.0,0.0,12.0,1.0,0,11.262032085561499,36,2,39,16718,3.0,27750,8477,2987,5254,0,0,2740.0
Lei Tung II,Low Risk,0.2803200772343989,15.7,5.67,21,7.757142857142853,2.4557401873773657,1987.5,0.0,1.0,35.0,5.0,0,68.42975206611571,46,28,88,14043,2.5,20040,2751,11054,30,208,0,1550.0
South Horizons East,Medium Risk,0.39546352399159707,22.2,5.67,49,8.642857142857153,0.4162870666813178,1994.0,6.0,0.0,28.0,6.0,1,49.48097826086962,103,3,112,14444,3.1,64840,0,0,14411,33,0,20000.0
South Horizons West,Medium Risk,0.3987752370274244,22.3,5.67,27,10.422222222222224,2.074636914590233,1992.0,0.0,2.0,19.0,3.0,1,67.6160714285714,57,0,99,14947,3.3,64840,0,0,14947,0,0,22800.0
Ap Lei Chau Estate,Medium Risk,0.32002277283951525,17.9,5.67,15,9.860000000000001,1.5723938381548013,1987.5,0.0,1.0,35.0,5.0,0,25.205882352941178,47,3,70,12089,2.7,20040,11998,0,0,91,0,1850.0
Ap Lei Chau North,Medium Risk,0.3470081083300134,19.4,5.67,104,13.294230769230769,3.7959902146191933,1985.0,0.0,4.0,87.0,3.0,0,12.819767441860462,28,1,29,11897,2.6,35090,0,1361,10328,208,0,13500.0
Aberdeen,Low Risk,0.2560404593407848,14.4,5.67,100,13.288000000000029,1.4887223858295429,1979.0,4.0,11.0,112.0,15.0,0,23.042194092826996,46,0,50,19459,2.8,34070,0,0,19427,31,1,10500.0
Shek Yue,Low Risk,0.24883487172244054,13.9,6.05,14,24.114285714285725,2.195815914556369,1963.0,0.0,0.0,5.0,0.0,0,57.975903614457835,32,39,73,17621,2.8,19830,17621,0,0,0,0,2850.0
Wah Kwai,Low Risk,0.06903468029979279,3.9,5.67,20,12.205,0.475643218105715,1968.0,0.0,0.0,1.0,0.0,1,25.264044943820235,57,0,59,13309,2.7,25160,1810,10648,812,39,0,2110.0
Wah Fu South,Low Risk,0.0,0.0,5.67,35,8.548571428571428,0.22372886927388588,1968.0,0.0,1.0,18.0,10.0,1,43.34013605442174,59,8,75,12411,2.6,20040,12338,0,0,73,0,1680.0
Tin Wan,Low Risk,0.23171018203786523,13.0,5.67,130,10.395384615384618,0.4812248098908306,1981.0,8.0,7.0,49.0,8.0,0,64.34809160305333,151,2,188,16811,2.7,23750,8498,1880,5672,761,0,4070.0
Wah Fu North,Low Risk,0.1266193675745503,7.1,5.67,34,12.047058823529404,0.8248939410565634,1972.0,0.0,0.0,8.0,5.0,1,66.65470852017938,62,31,101,13864,3.0,23040,12745,0,998,68,53,2120.0
Wong Chuk Hang,Medium Risk,0.3740340867139097,21.0,6.05,261,13.101915708812204,0.4384829076245115,1985.0,55.0,32.0,64.0,47.0,0,68.57535164099123,216,3,227,16316,2.8,34490,0,8666,5172,2453,25,11500.0
Lei Tung I,Medium Risk,0.6239745275128982,35.0,5.67,28,7.914285714285711,0.036076040214510656,2010.0,0.0,0.0,13.0,0.0,1,43.229317851959415,140,0,150,12307,2.9,33820,620,7504,4144,39,0,16300.0
Bays Area,Medium Risk,0.37624828188411796,21.1,5.88,1247,13.143624699278291,0.5122440207537216,1986.0,0.0,13.0,1233.0,81.0,1,115.79829202636206,397,0,397,17703,4.0,133910,0,0,16934,554,215,80000.0
Stanley & Shek O,Medium Risk,0.5106137316040252,28.6,6.24,2311,14.712115967113753,0.4369697898856036,1991.0,1.0,10.0,970.0,68.0,1,102.66487167238485,376,0,392,20683,3.2,50050,2784,2425,13475,1587,412,4230.0
Chi Fu,Low Risk,0.2757405773340647,15.5,6.54,216,10.613888888888894,0.4229988192364068,1979.0,0.0,4.0,47.0,15.0,0,157.33312302839144,215,49,275,15599,2.7,38750,0,0,14260,127,1212,15000.0
Pokfulam,Medium Risk,0.34837293066148517,19.5,5.61,356,13.221910112359527,0.5032816615740041,1985.5,0.0,12.0,326.0,78.0,1,104.60359624029432,389,0,460,19775,3.7,115140,0,0,18845,815,115,50000.0
Nam Cheong South,Low Risk,0.13828095497584794,7.8,6.23,362,10.271823204419888,10.10197460262725,1972.0,0.0,11.0,313.0,4.0,0,19.117283950617278,17,10,27,19024,2.3,18200,0,0,18571,20,433,5700.0
Nam Cheong West,Low Risk,0.27013722789869005,15.1,6.7,214,11.237383177570099,1.766385792171342,1977.0,1.0,2.0,202.0,4.0,0,12.265753424657529,25,5,30,18936,2.4,20040,1085,3614,13944,155,138,4700.0
Nam Cheong Central,Low Risk,0.1001752460473013,5.6,6.7,429,11.057109557109577,10.841441925293124,1966.0,0.0,4.0,257.0,0.0,0,24.239669421487605,16,18,34,17681,2.2,15640,0,0,17269,0,412,4590.0
Nam Cheong East,Low Risk,0.17330697668065756,9.7,6.7,168,11.722619047619041,3.871178759248209,1970.0,0.0,0.0,165.0,8.0,0,21.761006289308174,28,8,42,21187,2.4,19630,4347,0,16573,9,258,4500.0
Nam Cheong North,Low Risk,0.275192403262599,15.4,6.7,198,13.10909090909092,6.495171464052584,1975.0,0.0,8.0,216.0,2.0,0,25.593220338983052,14,19,33,16888,2.3,18320,0,0,16429,68,391,5000.0
Lai Kok,Medium Risk,0.5458973757279143,30.6,6.7,27,11.407407407407412,0.48928595657610746,1995.0,0.0,1.0,0.0,0.0,0,15.975609756097567,19,9,32,13795,2.5,16550,9767,2222,1582,222,2,1970.0
Shek Kip Mei,Low Risk,0.25946694494074385,14.5,6.7,42,12.276190476190486,1.7864231421378183,1975.0,0.0,0.0,15.0,6.0,0,16.653225806451612,21,7,29,18078,2.4,15920,16779,0,1089,205,5,2130.0
Lai Chi Kok South,Medium Risk,0.5033561393436736,28.2,6.59,422,11.228199052132716,0.8356067024996247,1993.0,9.0,1.0,0.0,3.0,1,11.95016987542469,67,0,86,16196,3.3,26040,16196,0,0,0,0,4730.0
Lai Chi Kok Central,Medium Risk,0.5960858356989543,33.4,6.59,28,7.317857142857157,0.37015402354321747,2004.0,1.0,0.0,27.0,2.0,0,17.854368932038835,29,7,41,19164,2.8,60190,0,0,19162,0,2,18000.0
Mei Foo South,Low Risk,0.27836575680937137,15.6,6.59,61,14.549180327868878,1.4409413728433529,1974.0,0.0,0.0,48.0,10.0,0,12.338935574229676,28,3,30,16748,3.1,54540,0,0,16748,0,0,23800.0
"Nam Shan, Tai Hang Tung & Tai Hang Sai",Medium Risk,0.3029531784605238,17.0,6.75,131,12.76183206106871,1.043739825708941,1977.0,0.0,0.0,12.0,17.0,0,24.45875251509054,52,5,56,19025,2.4,15860,15463,0,3256,304,2,1670.0
Cheung Sha Wan,Medium Risk,0.40878942657627976,22.9,6.7,130,13.769230769230774,3.1357389377981777,1983.0,3.0,12.0,165.0,10.0,0,22.08040201005026,26,11,41,14966,2.3,25060,0,1964,12766,197,39,7500.0
Ha Pak Tin,Medium Risk,0.3850913566697283,21.6,6.7,30,14.919999999999987,0.6682745163890369,1980.0,0.0,0.0,10.0,6.0,0,32.035714285714285,37,12,49,13301,2.5,15750,12172,0,1098,31,0,3130.0
Mei Foo Central,Low Risk,0.22119338580144562,12.4,6.59,36,13.124999999999993,0.8986662380524336,1972.0,0.0,0.0,39.0,1.0,0,15.393782383419692,27,3,29,13294,3.0,47070,0,0,13294,0,0,19500.0
Fortune,Medium Risk,0.528300998685991,29.6,6.7,66,13.683333333333323,0.7490354454010715,1991.0,1.0,4.0,2.0,8.0,0,13.317934782608695,27,3,30,21689,2.6,20040,11981,8264,1237,199,8,2950.0
Po Lai,Medium Risk,0.3494704146435798,19.6,6.7,153,13.033333333333303,4.6033298211059375,1980.0,1.0,13.0,147.0,3.0,0,21.670807453416153,27,11,42,17262,2.4,22500,3829,1585,11360,372,116,4000.0
Lai Chi Kok North,Medium Risk,0.4763265513317022,26.7,6.7,325,12.534461538461578,2.7097416761093713,1989.0,128.0,52.0,98.0,17.0,0,24.07337883959041,48,4,54,15545,2.2,23690,0,0,14747,787,11,5000.0
Lei Cheng Uk,Medium Risk,0.34868373306173056,19.5,6.7,48,12.991666666666653,1.7968994596089138,1980.0,0.0,0.0,7.0,17.0,0,30.81355932203389,55,14,79,12420,2.5,19820,2077,9050,1062,210,21,1420.0
So Uk,Medium Risk,0.5334016526719638,29.9,6.7,40,13.552500000000023,3.1786769726956443,1991.5,0.0,0.0,0.0,10.0,0,47.06914893617021,63,22,92,18956,2.7,16800,18840,0,0,113,3,2830.0
Yau Yat Tsuen,Medium Risk,0.4513798363470679,25.3,6.75,404,11.801485148514832,1.603625189371739,1988.0,0.0,6.0,322.0,59.0,0,44.74487895716946,121,5,128,14059,3.3,83470,0,0,12706,1315,38,24800.0
Lung Ping & Sheung Pak Tin,Medium Risk,0.6308532295463577,35.4,6.7,143,11.897202797202794,0.3365761617055953,2000.0,0.0,1.0,100.0,8.0,0,129.92611393119,229,24,267,13597,2.8,22540,8651,0,4835,110,1,1650.0
Pik Wui,High Risk,0.9072472628369963,50.8,6.59,48,12.570833333333326,0.1766342948316411,2018.0,1.0,1.0,34.0,4.0,1,7.088996763754039,31,1,33,24113,2.6,32620,6879,7324,9703,0,207,3510.0
Fu Cheong,High Risk,0.9350522279845198,52.4,6.7,61,10.365573770491793,1.1090476788619916,2022.0,0.0,0.0,5.0,2.0,0,13.74918566775244,44,4,52,21213,2.6,18270,19210,1855,0,137,11,3230.0
Un Chau,Medium Risk,0.3704966124890632,20.8,6.7,83,14.146987951807233,4.950648187382319,1980.0,2.0,1.0,38.0,0.0,0,36.15044247787611,56,8,83,18005,2.4,15170,14803,0,3034,163,5,3240.0
Whampoa West,Medium Risk,0.3772089691247678,21.1,6.23,33,10.896969696969705,0.7578681112494622,1987.0,0.0,2.0,56.0,1.0,0,26.53750000000001,38,5,44,20847,2.9,53070,0,0,20846,0,1,18000.0
Hung Hom Bay,Medium Risk,0.307716069019413,17.2,6.23,44,14.43409090909089,10.030418855142978,1978.0,0.0,5.0,79.0,0.0,0,25.511999999999997,32,8,41,18224,2.7,32040,0,0,17868,356,0,13000.0
Hung Hom,Low Risk,0.2500422901590686,14.0,6.23,198,13.384343434343485,4.343424071850855,1975.5,4.0,10.0,160.0,8.0,0,17.45508982035928,26,7,35,11515,2.2,20140,0,0,11402,61,52,6650.0
Whampoa East,Medium Risk,0.4833053989979107,27.1,6.94,84,11.87857142857144,1.3848363010670115,1989.0,0.0,12.0,68.0,3.0,1,16.409090909090907,40,0,40,18287,3.3,59040,0,0,18006,281,0,23000.0
Ka Wai,Low Risk,0.2786687844070777,15.6,6.23,130,15.301538461538485,2.5119267007029467,1975.0,0.0,4.0,81.0,15.0,0,20.066371681415927,34,8,54,19847,2.6,22950,10706,2555,6522,25,39,2170.0
To Kwa Wan South,Low Risk,0.2806438846739795,15.7,6.23,113,12.19823008849557,5.70780012164459,1979.0,0.0,2.0,117.0,1.0,0,18.055045871559635,12,12,23,10404,2.1,27040,0,0,10392,0,12,9000.0
Mei Foo North,Low Risk,0.2555552978733128,14.3,6.67,122,12.99918032786885,1.9482881713134537,1974.0,0.0,0.0,30.0,3.0,0,16.569672131147538,40,4,46,15948,2.8,45140,0,0,14760,1185,3,16800.0
Oi Chun,Medium Risk,0.35091137326643795,19.7,6.23,32,9.103125000000006,0.7549150537646696,1987.5,0.0,1.0,35.0,5.0,0,44.99009900990101,21,33,54,13131,2.9,23590,8163,0,4936,32,0,2240.0
Hok Yuen Laguna Verde,Medium Risk,0.4382193183907404,24.6,6.23,98,11.722448979591839,1.5051376409484336,1990.0,23.0,6.0,59.0,5.0,1,18.807692307692303,50,0,56,18091,2.8,47050,0,759,17312,20,0,20000.0
To Kwa Wan North,Low Risk,0.18841321669830483,10.6,6.23,96,12.927083333333336,5.352658878826352,1972.0,8.0,2.0,35.0,0.0,0,21.25581395348837,19,12,30,10386,2.4,18090,0,0,10249,128,9,5700.0
Oi Man,High Risk,0.7209034333327282,40.4,6.23,78,9.051282051282048,0.5581336120486141,2012.0,0.0,1.0,35.0,12.0,0,40.245742092457405,50,9,61,15326,2.9,27630,9322,1187,4473,343,1,2240.0
Hoi Sham,Low Risk,0.2568870598771931,14.4,6.23,211,14.147867298578152,7.8823479298033945,1975.0,11.0,0.0,72.0,4.0,1,13.246913580246915,21,2,23,15725,2.6,23980,0,0,15163,561,1,7000.0
Sheung Lok,High Risk,0.8105967948849699,45.4,6.23,50,9.791999999999984,0.326907506051629,2017.0,0.0,0.0,21.0,7.0,0,45.81882352941176,62,18,81,22059,2.7,24070,12361,4177,5219,302,0,4070.0
Ma Tau Kok,Low Risk,0.13657396451649298,7.7,6.23,283,10.983392226148403,3.816972004895708,1971.0,12.0,3.0,183.0,11.0,0,15.301980198019802,19,6,24,14397,2.5,25140,0,0,14019,362,16,8000.0
Lok Man,Low Risk,0.1649254368606578,9.2,6.23,110,10.079090909090901,14.741277147497364,1974.0,0.0,0.0,78.0,10.0,0,25.58641975308642,33,15,60,14977,2.8,23770,8707,0,6269,0,1,1570.0
Ma Hang Chung,Medium Risk,0.34697198055197903,19.4,6.86,213,12.61830985915493,5.700521272849495,1979.5,1.0,1.0,107.0,5.0,1,14.173076923076925,23,4,26,19631,2.6,33110,0,0,19582,0,49,9800.0
Ho Man Tin,Low Risk,0.1914605131157609,10.7,6.23,252,11.48452380952379,1.589263819067224,1974.0,0.0,2.0,173.0,58.0,0,28.58318739054291,45,11,56,19830,3.3,66360,562,0,18387,880,1,21950.0
Sung Wong Toi,Low Risk,0.09525765242524287,5.3,6.86,483,14.924844720496885,12.464014078184668,1960.0,16.0,4.0,142.0,2.0,1,6.522613065326637,23,0,22,19078,2.5,26700,0,0,18411,147,520,5700.0
Kadoorie,Low Risk,0.20388614212986195,11.4,6.23,359,11.340668523676907,2.3717356536021006,1975.0,0.0,8.0,281.0,18.0,0,22.46777546777547,40,6,45,17422,2.9,49230,0,0,17174,237,11,18500.0
Ma Tau Wai,Low Risk,0.2338271745841117,13.1,6.86,186,10.635483870967743,1.9279411054621851,1974.5,0.0,2.0,140.0,26.0,0,15.591836734693878,23,2,24,20185,2.9,24320,7455,0,12650,47,33,1930.0
Prince,Medium Risk,0.3023070925550471,16.9,6.23,472,12.54364406779661,3.7432490344342235,1980.0,0.0,0.0,297.0,53.0,0,17.19952494061757,24,6,29,15481,3.6,68540,0,0,15368,96,17,30150.0
Lung Shing,Low Risk,0.23158205714033084,13.0,6.86,410,10.917560975609717,6.35008020792125,1974.0,0.0,18.0,380.0,13.0,0,10.541420118343192,23,4,27,14390,2.5,21510,0,0,13913,451,26,8800.0
Kai Tak Central & South,High Risk,0.9999996954990358,56.0,6.86,87,13.121839080459786,0.12233734169137042,2022.0,0.0,12.0,147.0,19.0,1,2.265176908752326,22,0,22,17139,2.4,30600,6272,1599,9268,0,0,2850.0
Kowloon Tong,Medium Risk,0.37072900856447816,20.8,6.75,884,11.539705882352987,2.0979658610912177,1983.0,0.0,6.0,600.0,95.0,0,61.49800973020794,225,9,272,18849,3.7,83310,0,0,18440,392,17,28750.0
Kai Tak East,Medium Risk,0.35474720191768894,19.9,6.86,7,6.614285714285714,0.07325030221090373,1987.5,0.0,1.0,35.0,5.0,0,4.169811320754716,7,2,8,12569,2.4,15080,12568,0,0,0,1,2060.0
Kai Tak North,High Risk,0.8354981290502022,46.8,6.86,35,10.022857142857138,0.36121657390805023,2015.0,0.0,3.0,4.0,1.0,0,5.4,10,2,11,12844,2.4,16020,11985,565,294,0,0,2040.0
Wan Tau Tong,Medium Risk,0.5806642292467521,32.5,7.31,21,16.657142857142848,0.590987057139587,1987.5,0.0,1.0,35.0,5.0,0,18.821428571428573,35,7,47,14589,2.8,26710,802,12477,1310,0,0,1850.0
Tai Po Kau,Medium Risk,0.6887610063127247,38.6,7.31,1930,13.961709844559575,0.6026459045498993,1998.0,0.0,0.0,536.0,22.0,0,221.30938784223792,723,0,742,20441,3.1,53070,0,0,19592,55,794,13800.0
Wang Fuk,High Risk,0.932951984314556,52.3,7.54,227,12.278854625550672,0.7012149894059306,2015.0,0.0,6.0,194.0,5.0,1,3.464147286821703,28,0,30,26893,2.7,34160,5822,3730,17242,99,0,2300.0
San Fu,Medium Risk,0.6167915217839841,34.6,7.31,796,12.555778894472326,2.8265019611564703,1995.0,0.0,1.0,42.0,6.0,0,33.22718631178708,92,4,96,15539,2.9,36390,0,2755,12637,0,147,10000.0
Tai Po Hui,Medium Risk,0.33302691569800824,18.7,7.31,445,11.961797752809037,4.841306618331578,1977.0,0.0,6.0,282.0,21.0,0,11.968181818181812,20,2,21,18515,2.5,19090,1111,0,16748,571,85,5400.0
Kwong Fuk & Plover Cove,Medium Risk,0.5599270473837001,31.4,7.31,13,13.553846153846155,0.06311245904286494,1990.0,0.0,0.0,9.0,3.0,0,8.413127413127413,26,2,27,12752,2.8,22950,10268,0,2348,136,0,1930.0
Tai Wo,Medium Risk,0.4048112037076157,22.7,7.31,22,10.150000000000006,0.877704991825054,1984.0,0.0,0.0,0.0,1.0,0,10.323529411764707,14,5,18,12752,2.8,23170,1888,10519,337,8,0,1670.0
Fu Ming Sun,Medium Risk,0.4500855445432605,25.2,7.31,25,10.944,1.865135665069787,1986.0,0.0,0.0,6.0,1.0,0,10.005917159763314,28,3,32,12628,2.5,21630,2123,6482,4023,0,0,1430.0
Tai Po Central,Medium Risk,0.46266253025726223,25.9,7.31,33,12.412121212121193,3.1056412908306466,1985.0,0.0,0.0,34.0,1.0,0,8.142105263157896,18,3,20,13139,2.5,33140,0,1736,11403,0,0,12500.0
Old Market & Serenity,Medium Risk,0.5657462616404089,31.7,7.31,491,13.060081466395086,4.828126286641737,1991.0,0.0,0.0,68.0,4.0,0,28.554396423248875,79,4,83,18452,2.7,40170,0,0,18344,56,52,12000.0
Yee Fu,Medium Risk,0.41263578634867304,23.1,7.31,40,7.7575,0.22584170974094747,1987.5,0.0,1.0,35.0,5.0,0,14.12962962962963,28,6,33,14030,2.9,27070,1459,11426,1042,103,0,1760.0
Tai Yuen,Medium Risk,0.39010416241631735,21.9,7.31,36,10.974999999999994,2.40796847084762,1982.0,0.0,0.0,0.0,1.0,0,24.535483870967735,37,8,46,13760,2.9,20650,13646,0,0,114,0,1800.0
Chung Ting,Medium Risk,0.46946378453989607,26.3,7.31,54,11.970370370370368,1.1111828608522358,1986.0,10.0,0.0,20.0,2.0,0,13.186507936507931,31,3,36,13725,2.6,28930,429,5970,7317,9,0,9800.0
Fu Heng,Medium Risk,0.6477375270636534,36.3,7.31,42,13.39285714285715,0.36559956648059694,1996.0,0.0,0.0,2.0,8.0,0,21.72645739910315,31,7,37,13840,2.8,24140,2537,10952,215,130,6,1780.0
Lam Tsuen Valley,High Risk,0.7835061747023326,43.9,7.31,3692,12.564057421451832,0.8370252710827211,2006.0,0.0,2.0,3.0,6.0,0,204.14495788089852,766,9,791,20780,2.8,27760,0,0,19128,33,1619,10000.0
Hong Lok Yuen,Medium Risk,0.5035914393352442,28.2,7.31,3523,13.777944933295327,0.8457786064800661,1986.0,103.0,1.0,1151.0,52.0,1,133.4132798797305,547,1,584,20389,3.3,43170,0,0,18589,489,1311,9000.0
Yan Shing,Medium Risk,0.5332053418667003,29.9,7.31,69,14.143478260869585,0.09370313736302752,1987.5,0.0,1.0,35.0,5.0,0,136.74824355971865,373,11,392,20198,2.9,25790,7691,11657,736,108,6,2280.0
Wah Do,Medium Risk,0.4103387227857302,23.0,5.52,33,9.269696969696966,0.6766895053415471,1995.0,0.0,0.0,11.0,0.0,0,30.18243243243243,40,11,56,18058,2.8,28440,4346,6578,7064,70,0,2340.0
Cheung Wah,Medium Risk,0.5210973814883956,29.2,5.52,40,16.740000000000002,1.2471251134069554,1993.0,0.0,0.0,8.0,3.0,0,26.113861386138616,24,17,40,15721,2.6,20630,2731,9760,3164,66,0,1660.0
Shing Fuk,Medium Risk,0.4175563620672419,23.4,5.52,42,8.850000000000009,0.5442064638856937,1996.0,0.0,1.0,13.0,3.0,0,35.94339622641512,54,14,84,13575,2.9,28830,5952,5826,1350,447,0,1780.0
Ching Ho,Medium Risk,0.30218643427893355,16.9,5.52,16,9.556249999999991,0.8795330194527834,1987.5,0.0,1.0,35.0,5.0,0,13.644859813084105,21,6,29,18505,2.6,17000,18504,0,0,0,1,2020.0
Fanling South,Medium Risk,0.4229720568103975,23.7,5.52,299,10.740802675585272,1.0417131534788582,1994.0,1.0,0.0,139.0,9.0,0,26.25098554533508,73,6,90,14534,2.7,37710,0,0,14432,0,102,11000.0
Yu Tai,High Risk,0.7559198329497254,42.4,5.52,508,13.137795275590527,0.4145448714685389,2013.0,2.0,0.0,398.0,16.0,0,36.596841097638716,212,4,229,17954,2.8,27750,3654,3579,9892,358,471,2000.0
Luen Wo Hui,Low Risk,0.2023088429628223,11.3,5.52,154,12.687012987012977,3.671781760199589,1977.0,0.0,4.0,139.0,1.0,0,23.953667953667964,33,8,61,19640,2.7,28420,0,7843,11724,64,9,5000.0
Choi Yuen,Medium Risk,0.41197908733435235,23.1,5.52,21,15.371428571428574,0.7311505036675134,1987.5,0.0,1.0,35.0,5.0,0,24.217391304347835,28,11,38,16615,2.4,18040,11769,1952,2830,64,0,1230.0
Fanling Town,Medium Risk,0.4166867495130887,23.4,5.52,1349,12.01186063750918,3.3432506942750835,1992.0,69.0,4.0,68.0,24.0,0,15.814014407334632,24,7,32,13835,2.7,22690,0,0,12809,148,878,6100.0
Tin Ping East,Medium Risk,0.3223708296396403,18.1,5.52,149,14.234228187919463,0.628433045260654,1983.0,0.0,0.0,77.0,3.0,0,9.45423340961098,56,2,76,15775,2.8,29460,409,5173,9812,0,381,12000.0
Tin Ping West,Medium Risk,0.5703613925257006,32.0,5.52,30,16.94333333333332,0.6653644578441509,1996.0,0.0,0.0,10.0,3.0,0,14.472340425531913,34,5,38,12365,2.8,25040,1387,9001,1903,72,2,1580.0
Sai Kung North,Medium Risk,0.642358164599653,36.0,6.74,2260,13.93960176991152,0.19589586228559633,1998.0,0.0,8.0,30.0,11.0,1,116.30442254232986,607,0,625,15018,3.0,50000,0,0,14760,258,0,12800.0
Shuen Wan,High Risk,0.7317303531641325,41.0,7.11,3611,13.884270285239513,0.4697856554488536,2002.0,0.0,1.0,1041.0,26.0,1,69.90386932009821,575,0,595,22465,3.0,38570,0,0,21320,1057,88,10000.0
Wah Ming,Medium Risk,0.30603330721417804,17.2,5.52,10,9.759999999999998,0.4796905570019768,1987.5,0.0,1.0,35.0,5.0,0,37.68749999999999,44,13,62,14380,2.8,23150,2225,11513,557,85,0,1780.0
Shek Wu Hui,Low Risk,0.0693145405152095,3.9,5.52,432,12.058796296296329,4.411152682109241,1969.0,13.0,13.0,265.0,12.0,0,10.496671105193075,22,5,28,22112,2.6,21480,3152,4384,13916,119,541,4300.0
Fung Tsui,Medium Risk,0.4520965072968607,25.3,6.2,1584,13.387626262626277,1.629938248845437,1989.0,0.0,2.0,14.0,15.0,0,12.09450261780104,83,2,88,19145,2.7,22020,0,3891,12862,204,2188,6000.0
Queen's Hill,Medium Risk,0.4511419101590271,25.3,5.52,4348,11.430841766329333,0.9537062756402908,1995.0,1.0,1.0,5.0,19.0,0,80.38777583385026,465,2,466,20527,2.7,21640,0,0,16813,115,3599,6500.0
Sheung Shui Rural,High Risk,0.7477055099329707,41.9,6.2,3890,13.004987146529452,0.9645822915274612,2009.0,2.0,1.0,567.0,22.0,0,47.745300320953554,477,2,522,20514,2.8,22040,0,0,15632,781,4101,5500.0
Sha Ta,Medium Risk,0.49646238137272874,27.8,7.11,4941,11.849018417324569,0.2749483821223894,1989.0,2.0,3.0,73.0,12.0,1,96.72823799502608,587,0,590,16178,2.9,21390,2985,0,9930,184,3079,4600.0
Shap Pat Heung Central,High Risk,0.7046656107996845,39.5,5.03,1301,11.714911606456557,4.568646567738768,2014.0,0.0,3.0,74.0,3.0,0,4.70472440944881,15,2,16,23343,2.6,39870,0,0,22798,0,545,11000.0
Ping Shan South,Medium Risk,0.6501991871881238,36.4,5.03,2001,11.236031984007944,1.382219344252432,2011.0,1.0,0.0,529.0,19.0,0,35.206814434878126,255,2,272,18279,2.9,36290,0,0,16944,231,1104,10000.0
Fung Cheung,Low Risk,0.2855302552702351,16.0,5.03,195,12.371794871794872,2.6274307493141764,1985.5,1.0,1.0,99.0,3.0,0,8.567010309278345,14,4,17,15974,2.6,30000,0,961,14931,80,2,9500.0
Fung Nin,Low Risk,0.18903884098815038,10.6,5.03,543,11.672007366482433,3.3555961909062004,1980.0,2.0,8.0,138.0,12.0,0,9.069246435845212,21,2,22,18092,2.5,22360,0,0,17985,93,14,7200.0
Yuen Lung,Medium Risk,0.5236713691642854,29.3,5.03,60,10.148333333333348,0.4536853006080439,2004.0,0.0,0.0,33.0,3.0,0,6.918750000000003,15,3,17,13995,2.6,41610,0,0,13995,0,0,14200.0
Shui Pin,Medium Risk,0.4759120900795001,26.7,5.03,233,13.232618025751052,1.7108387579786348,1997.0,0.0,0.0,71.0,17.0,0,11.463617463617473,21,3,23,18834,2.7,29010,5719,0,12822,266,27,1670.0
Yuen Long Centre,Low Risk,0.17239453043186026,9.7,5.03,349,11.993409742120377,6.631702886225901,1978.5,5.0,19.0,180.0,2.0,0,14.73033707865169,27,6,33,15069,2.5,22820,0,0,14646,366,57,6500.0
Nam Ping,Low Risk,0.15374814316876953,8.6,5.03,57,12.208771929824557,2.0713639105604478,1977.0,0.0,0.0,37.0,7.0,0,15.33149171270718,30,4,34,14106,2.5,23040,2507,6649,4737,213,0,1450.0
Tin Shing,Medium Risk,0.3084151802205772,17.3,5.03,42,7.569047619047623,0.3155822458281022,1993.0,0.0,0.0,0.0,3.0,0,39.50574712643679,75,5,97,11306,3.0,34010,0,11159,147,0,0,5000.0
Tin Yiu,Low Risk,0.2799339958677763,15.7,5.03,21,10.471428571428564,0.6151541157996279,1987.5,0.0,1.0,35.0,5.0,0,22.75471698113208,29,7,36,12939,2.8,21050,12752,0,0,187,0,1710.0
Yuen Long Tung Tau,Medium Risk,0.5212751578576627,29.2,5.03,331,11.625377643504539,2.042982524344796,2002.0,24.0,4.0,40.0,4.0,0,8.333333333333332,20,2,21,13928,2.6,37100,1000,604,12189,123,12,11800.0
Yiu Yau,Medium Risk,0.3716236072837282,20.8,5.03,36,15.327777777777772,2.055460868040292,1987.5,0.0,1.0,35.0,5.0,0,24.73000000000001,41,7,53,13688,3.1,22080,11908,1589,153,38,0,1830.0
Tsz Yau,Medium Risk,0.4555996371751183,25.5,5.03,30,16.166666666666657,1.2921405414253926,1992.0,0.0,0.0,0.0,1.0,0,19.10982658959538,47,4,55,13670,2.7,21820,8517,4542,572,39,0,1690.0
Shui Oi,Medium Risk,0.4036400051520998,22.6,5.03,34,17.023529411764702,0.7916827801583656,1987.5,0.0,1.0,35.0,5.0,0,11.749999999999998,19,6,24,17323,3.1,24330,14060,2257,893,113,0,1840.0
Shap Pat Heung East,Medium Risk,0.30015654461784075,16.8,5.57,2868,12.042015341701653,1.2109977045896911,1984.0,0.0,2.0,7.0,3.0,0,67.89016451651088,250,2,259,16262,2.9,20040,3089,0,11024,314,1835,3600.0
Shap Pat Heung West,Medium Risk,0.6640707609387133,37.2,5.57,4207,11.26726883765172,1.776080349274622,2009.0,0.0,0.0,31.0,12.0,0,40.74386617100368,253,3,275,24089,2.9,30450,0,0,22935,55,1099,8400.0
Pat Heung South,High Risk,0.7477992459651965,41.9,7.15,5299,11.356520098131707,0.7403579391473389,2006.0,0.0,0.0,110.0,8.0,0,195.84646456874674,854,4,913,22814,2.9,31370,0,0,21404,0,1410,9000.0
Kingswood South,Medium Risk,0.38602632994806774,21.6,5.03,74,11.679729729729736,0.3355609848279139,1993.0,0.0,2.0,28.0,3.0,0,11.429999999999996,31,3,39,17631,2.8,34930,0,0,17631,0,0,11000.0
Shui Wah,Medium Risk,0.4793670829307025,26.9,5.03,39,10.207692307692326,0.3614393329466735,2001.0,0.0,0.0,0.0,1.0,0,25.55288461538463,63,6,80,14518,3.1,22890,14328,0,0,190,0,1820.0
Chung Wah,Medium Risk,0.5326238705153125,29.9,5.03,29,23.8551724137931,1.4804002921848378,1987.5,0.0,1.0,35.0,5.0,0,40.999999999999986,66,4,86,14981,2.8,25860,6122,8324,535,0,0,2160.0
Chung Pak,Medium Risk,0.6131053521527144,34.4,5.03,30,10.07333333333333,0.2224910982869881,2010.0,0.0,1.0,12.0,0.0,0,36.16923076923075,60,3,94,15715,2.8,34830,0,7976,7739,0,0,12000.0
Kingswood North,Medium Risk,0.417031844180603,23.4,5.03,100,10.915999999999993,0.5399075337736231,1996.0,0.0,4.0,36.0,3.0,0,18.63325183374082,57,3,72,22771,2.7,34270,0,0,22690,81,0,11800.0
Ping Shan Central,Medium Risk,0.5732601673047221,32.1,5.03,2683,11.972828922847494,1.755533990655821,2005.0,25.0,0.0,97.0,8.0,0,11.354640442532256,77,2,80,16850,2.7,28310,0,0,16116,0,734,6650.0
Kam Tin,High Risk,0.7176810095724836,40.2,5.4,2766,11.62523499638468,1.0513360353312886,2013.0,3.0,1.0,192.0,10.0,0,43.10161547666528,400,3,439,21876,2.7,33100,0,0,20903,173,800,10000.0
Yuet Yan,Low Risk,0.2687369959321384,15.1,5.03,37,9.878378378378375,0.3644113921154723,1987.5,0.0,1.0,35.0,5.0,0,41.913978494623656,65,6,82,18418,2.3,13940,18224,0,0,193,1,1840.0
Fu Yan,High Risk,0.7453138350182441,41.8,5.03,36,12.263888888888886,0.27777673614535375,2016.0,0.0,0.0,0.0,1.0,0,59.40555555555558,76,5,97,19008,2.9,25190,4301,14181,526,0,0,2150.0
Ching King,Medium Risk,0.6310382515068503,35.4,5.03,55,13.429090909090919,0.7612209727228854,2007.0,0.0,3.0,3.0,2.0,0,8.54242424242424,24,4,30,19055,2.6,18250,15879,0,3032,144,0,1900.0
Yat Chak,Medium Risk,0.4264243230520852,23.9,5.03,33,18.230303030303038,1.8778022203751923,1987.5,0.0,1.0,35.0,5.0,0,58.34228187919464,73,5,97,17878,3.1,25390,17822,0,0,56,0,2230.0
Pat Heung North,High Risk,0.7817848548824395,43.8,7.15,4155,11.552611311672596,0.6367430067221482,2008.0,0.0,1.0,384.0,3.0,0,124.79824697086872,545,3,557,17543,2.8,28580,0,0,16484,45,1014,8000.0
Wang Yat,High Risk,0.8144828393606827,45.6,5.03,41,12.719512195121965,0.3155662350973998,2020.0,0.0,3.0,78.0,2.0,0,10.257595772787305,66,2,79,20059,3.4,27500,19162,0,897,0,0,2560.0
Tin Heng,High Risk,0.9040597099114993,50.7,5.03,25,15.860000000000003,0.6527095279488377,2022.0,0.0,0.0,10.0,0.0,0,28.09583333333333,78,2,95,21125,3.7,28920,21125,0,0,0,0,3220.0
Ha Tsuen,Medium Risk,0.4599096205702166,25.8,4.96,3316,11.882177322074742,0.6888980433241232,1998.0,0.0,0.0,76.0,7.0,1,43.412210667561084,315,0,323,21060,2.9,29610,0,0,16869,317,3874,6500.0
Fairview Park,Medium Risk,0.39917793883798897,22.4,5.4,6642,10.795287563986747,2.6672294684009885,1993.0,0.0,6.0,2850.0,23.0,0,3.623910171730511,11,0,10,20268,3.3,66520,0,0,20154,38,76,26000.0
Ping Shan North,Medium Risk,0.3991520752317142,22.4,5.03,3217,11.572956170345133,1.138293562070075,1994.0,83.0,2.0,0.0,6.0,1,7.166034515456114,54,0,55,14902,2.8,23860,0,0,14494,0,408,7500.0
San Tin,Medium Risk,0.5996917275266003,33.6,5.4,5108,10.989780736100329,0.6218252566899314,2006.0,0.0,1.0,709.0,9.0,0,39.98655844155849,534,1,554,17759,2.8,20040,0,0,15530,20,2209,5300.0
Pek Long,Low Risk,0.22018215823380854,12.3,5.03,15,7.306666666666668,0.5022417560893233,1987.5,0.0,1.0,35.0,5.0,0,18.835164835164832,24,9,32,12720,2.7,21350,2736,9916,68,0,0,1430.0
Shap Pat Heung North,High Risk,0.8326097931740892,46.7,5.03,1967,12.075648195221056,2.859902351398372,2022.0,0.0,2.0,15.0,4.0,0,6.013257575757578,26,2,27,14081,2.6,33140,0,0,12838,56,1187,7300.0
Hung Fuk,High Risk,0.9220544100876333,51.7,5.03,18,16.011111111111106,0.3479342751841483,2023.0,0.0,0.0,11.0,0.0,0,5.177777777777779,6,3,8,11851,2.5,15170,11805,0,0,46,0,1890.0
Shing Yan,Medium Risk,0.4790948004521364,26.9,5.03,10,21.019999999999996,0.8870475019700754,1987.5,0.0,1.0,35.0,5.0,0,28.937499999999993,39,5,89,14300,2.9,32450,0,13738,562,0,0,8000.0
Wai King,Medium Risk,0.6413814287087596,35.9,6.57,68,11.807352941176465,0.18961296572420508,2001.5,0.0,0.0,18.0,6.0,1,79.44589000591365,204,0,204,14342,2.7,68930,0,0,14340,0,2,17600.0
Do Shin,High Risk,0.7625003444430192,42.7,6.57,26,13.811538461538461,1.736516770026378,2007.0,0.0,0.0,10.0,4.0,0,11.96629213483146,28,4,38,15295,2.8,39040,4037,0,11258,0,0,2500.0
Kin Ming,High Risk,0.9002779815053561,50.5,6.57,27,11.485185185185173,1.0057203910213672,2019.0,0.0,0.0,2.0,1.0,0,41.398230088495566,42,14,64,15773,2.8,23250,15118,655,0,0,0,3260.0
Hoi Chun,High Risk,0.9504275956263379,53.3,7.12,44,12.593181818181819,0.31956543194599496,2018.0,0.0,0.0,154.0,4.0,1,4.4920071047957375,16,0,15,23777,2.8,64170,0,3368,20409,0,0,20800.0
Wan Po South,High Risk,0.8474562763750226,47.5,6.69,78,12.184615384615391,0.11432526845972364,2014.0,39.0,15.0,54.0,14.0,1,5.215929203539829,20,0,20,33452,3.0,61380,0,0,33367,85,0,17900.0
Choi Kin,High Risk,0.8173803721904426,45.8,7.12,37,11.962162162162151,0.9334405972213577,2010.0,0.0,0.0,0.0,3.0,0,21.26775956284153,55,2,70,18380,2.9,27600,12549,5604,227,0,0,2820.0
O Tong,High Risk,0.7525242159772804,42.2,7.12,22,14.14090909090909,0.6338665089973035,2003.0,0.0,0.0,15.0,0.0,0,11.220183486238527,24,3,29,18046,2.9,47750,0,5855,12191,0,0,16800.0
Fu Kwan,High Risk,0.7469835890830535,41.9,7.12,53,11.44150943396227,0.9295413327053317,2006.0,0.0,7.0,21.0,2.0,0,15.1400966183575,42,2,64,18938,3.0,42590,0,11057,7679,202,0,17000.0
Wan Po North,High Risk,0.7469826534035076,41.9,7.12,56,9.837499999999991,0.42008653962291287,2008.0,8.0,1.0,28.0,5.0,1,15.817880794701988,55,0,54,18682,2.9,55170,0,0,18682,0,0,16500.0
Sheung Tak,Medium Risk,0.4415345470969846,24.7,7.12,16,10.100000000000009,0.45460103504008237,1987.5,0.0,1.0,35.0,5.0,0,20.57446808510639,37,7,64,17063,3.1,27140,16916,0,0,147,0,2830.0
Kwan Po,Medium Risk,0.6646117240151216,37.2,7.12,26,9.484615384615392,0.1550692765885138,2003.0,0.0,0.0,17.0,0.0,0,10.094637223974763,27,4,41,13467,2.8,50020,0,0,13467,0,0,15300.0
Kwong Ming,Medium Risk,0.588114971932963,33.0,7.12,49,9.442857142857129,0.5260094009337272,1998.0,0.0,0.0,1.0,12.0,0,28.858552631578945,66,5,75,16585,2.9,33370,0,15090,1072,423,0,9500.0
Tak Ming,Medium Risk,0.5767867571543297,32.3,7.12,14,8.842857142857145,2.1631153947430435,1998.0,0.0,0.0,3.0,0.0,0,69.7872340425532,48,13,106,17997,2.9,32740,4246,10609,3088,54,0,2400.0
Nam On,Medium Risk,0.5950968729072273,33.4,7.12,41,10.614634146341473,0.7121393448963758,1997.0,0.0,0.0,22.0,2.0,0,26.567567567567597,52,4,137,17097,2.9,40910,0,4715,12376,6,0,16000.0
Hau Tak,Medium Risk,0.413093108814777,23.2,7.12,30,5.786666666666669,0.25932231422047614,1991.0,0.0,0.0,0.0,1.0,0,18.46031746031746,36,4,89,17611,3.0,25210,12516,4545,411,139,0,2550.0
Chung Wan,Medium Risk,0.3607513401779493,20.2,7.0,1113,12.348921832884052,2.4258184109961105,1980.0,0.0,762.0,315.0,27.0,1,20.391724879097254,98,0,117,11077,2.3,45160,0,0,10184,868,25,14850.0
Sheung Wan,Medium Risk,0.32306752659383164,18.1,6.21,367,12.926702997275179,5.285721674455859,1981.0,0.0,229.0,179.0,5.0,1,19.382978723404253,62,0,64,14830,2.3,41040,0,0,14306,511,13,14000.0
Sai Ying Pun,Low Risk,0.24595623486407997,13.8,6.47,227,11.741409691629961,5.561179430584182,1976.0,4.0,51.0,160.0,2.0,1,12.171428571428574,25,0,24,13600,2.3,31650,0,0,13517,80,3,11000.0
Shek Tong Tsui,Medium Risk,0.3416885222879869,19.2,6.47,91,12.0,2.6226884018575944,1982.0,4.0,10.0,85.0,0.0,1,14.429718875502017,44,0,51,16125,2.5,28570,0,0,16116,0,9,9500.0
Belcher,Medium Risk,0.49136591068716035,27.5,6.47,90,15.917777777777765,3.380648508235867,1987.0,0.0,4.0,105.0,3.0,1,40.39354838709676,67,9,94,20187,2.8,45170,0,0,19986,190,11,16300.0
Sai Wan,Medium Risk,0.33991800736622824,19.1,6.16,112,14.834821428571423,2.8156337173876955,1980.0,1.0,2.0,116.0,0.0,1,32.60000000000002,54,7,76,14650,2.5,37040,0,0,14419,229,2,13000.0
Kennedy Town & Mount Davis,Medium Risk,0.32237732180905093,18.1,5.61,218,13.849999999999994,0.5347853182686322,1983.0,5.0,6.0,120.0,21.0,1,97.69949312092679,246,0,252,16030,2.5,47540,2010,0,13966,54,0,15000.0
Choi Wan South,Medium Risk,0.3917527229662818,22.0,7.01,12,7.933333333333332,0.1348700819294401,1987.5,0.0,1.0,35.0,5.0,0,58.57303370786516,37,31,80,12309,2.9,22670,12256,0,0,53,0,2240.0
Tung Tau,High Risk,0.7530650775287661,42.2,6.86,52,18.488461538461554,1.791571993955521,1999.0,0.0,0.0,16.0,9.0,0,13.003636363636362,28,2,29,20966,2.6,20000,7624,6685,6618,20,19,2620.0
Choi Hung,Low Risk,0.14465637891942135,8.1,6.86,21,14.333333333333321,2.8834863470408743,1964.0,0.0,0.0,9.0,8.0,0,14.500000000000002,12,9,20,14773,2.6,17520,14773,0,0,0,0,1960.0
Tung Mei,Medium Risk,0.6282156198032316,35.2,6.86,63,12.677777777777777,0.9406219365217596,1998.0,0.0,0.0,7.0,12.0,0,21.35869565217392,34,8,42,15205,2.7,20830,5508,8816,823,58,0,2170.0
Centre Street,Low Risk,0.29987220990301766,16.8,6.47,282,12.19113475177306,10.32979697949857,1979.0,0.0,14.0,223.0,0.0,0,42.73387096774194,53,16,89,14521,2.3,35040,0,0,13747,773,1,13500.0
Fung Tak,Medium Risk,0.5269054709371831,29.5,7.36,26,13.59615384615384,1.6220976680303867,1987.5,0.0,1.0,35.0,5.0,0,47.98373983739838,38,28,77,14456,2.5,20010,1697,12448,202,109,0,1810.0
Lung Sing,Medium Risk,0.6501222347216775,36.4,7.36,118,12.10254237288137,0.8703970693913693,1997.5,0.0,1.0,14.0,27.0,0,35.4647696476965,88,5,97,18282,2.7,35850,0,8131,9772,379,0,16000.0
Fung Wong,Low Risk,0.28708288612630556,16.1,7.36,203,14.527586206896547,8.210603895227306,1970.5,0.0,2.0,163.0,13.0,0,37.88095238095239,57,12,72,15004,2.5,25200,0,0,14582,421,1,6600.0
Tsz Wan East,Medium Risk,0.3004244415655922,16.8,7.36,90,10.823333333333323,1.6965956994893001,1976.0,0.0,2.0,40.0,11.0,0,117.45394736842107,71,78,163,18495,3.1,25100,13034,1378,4072,11,0,3630.0
King Fu,Medium Risk,0.6990270984537404,39.2,7.36,61,14.291803278688533,0.2519501003816937,1998.0,0.0,0.0,10.0,5.0,0,234.8428650749581,463,52,541,20531,2.8,29120,5572,11374,3456,129,0,1960.0
Chuk Yuen North,Medium Risk,0.518651281664068,29.1,7.36,25,11.955999999999996,0.617267921607603,1989.0,0.0,0.0,0.0,5.0,0,107.91289198606266,124,53,217,14296,2.7,22480,1769,12355,123,49,0,2240.0
Tsz Wan West,Medium Risk,0.36295415139263715,20.3,7.36,76,10.526315789473664,1.047887152385078,1980.5,0.0,0.0,4.0,0.0,0,91.37696335078537,76,49,155,18747,2.9,21520,17810,0,580,357,0,3170.0
Tsui Chuk & Pang Ching,Medium Risk,0.42975330847862536,24.1,6.75,37,9.85405405405405,0.24894233854736167,1989.0,0.0,1.0,23.0,3.0,0,136.05341246290791,187,52,264,15961,2.8,27250,430,12300,3225,6,0,10000.0
Chuk Yuen South,Medium Risk,0.425808187011581,23.9,6.75,20,13.655,1.6771001623261832,1984.0,0.0,0.0,2.0,5.0,0,42.95999999999998,34,25,60,14349,2.4,16920,14247,0,20,82,0,1590.0
Siu Chi,Medium Risk,0.4026002113629706,22.6,5.03,113,15.765486725663706,2.1005257494791407,1989.0,0.0,0.0,65.0,4.0,0,17.55131964809383,31,7,37,20247,2.8,29440,0,0,19956,291,0,10000.0
Ching Oi,Medium Risk,0.5775572239481913,32.4,7.36,43,7.858139534883726,0.08897679088905558,1998.0,0.0,0.0,0.0,1.0,0,187.35077519379848,142,116,322,18666,2.8,30040,6940,11255,457,14,0,2930.0
Ching On,Medium Risk,0.4399261515127745,24.7,7.36,56,8.989285714285707,0.08880649589153843,1987.5,0.0,1.0,35.0,5.0,0,318.0318331503844,429,84,529,19336,2.8,20170,18063,1072,58,143,0,3240.0
Siu Hei,Medium Risk,0.42071941281547875,23.6,5.03,66,15.121212121212121,1.4668931854950786,1991.0,0.0,0.0,28.0,0.0,1,8.880239520958083,22,0,21,12206,2.6,27500,0,3273,8933,0,0,10000.0
Wu King,Medium Risk,0.4584456510573989,25.7,5.03,19,19.92631578947368,1.9056977375180206,1987.5,0.0,1.0,35.0,5.0,0,10.703296703296703,10,7,16,13070,3.0,20650,13017,0,0,53,0,1660.0
Butterfly,Low Risk,0.28089299817707875,15.7,5.03,45,10.522222222222222,0.5390809572096369,1987.5,0.0,1.0,35.0,5.0,0,14.209756097560977,14,6,19,15488,2.2,14450,10729,2238,2414,105,2,1230.0
Yuet Wu,Medium Risk,0.5835800509212818,32.7,5.03,44,22.143181818181816,0.9131627925053714,1993.0,2.0,1.0,18.0,3.0,1,6.584795321637427,16,2,17,12513,2.9,35070,0,8901,3612,0,0,3500.0
Fu Sun,Medium Risk,0.6126286299968302,34.3,5.03,73,18.869863013698613,1.4074626636930758,1999.0,0.0,1.0,23.0,6.0,0,14.509803921568626,44,2,55,18409,2.9,31170,0,8523,9886,0,0,11000.0
Siu Tsui,Medium Risk,0.5827076769872854,32.7,5.03,77,16.483116883116885,1.4837175120260007,2000.0,0.0,2.0,18.0,3.0,0,15.435424354243553,51,1,70,18403,2.8,32390,0,11670,6538,195,0,11000.0
Yau Oi South,Medium Risk,0.49654864248143893,27.8,5.03,18,21.94444444444445,7.526888487610263,1987.5,0.0,1.0,35.0,5.0,0,20.095744680851055,16,12,27,14379,2.6,18220,14233,0,0,146,0,1610.0
On Ting,Medium Risk,0.4945376532554559,27.7,5.03,35,13.417142857142863,0.6276515216062883,1998.0,0.0,0.0,0.0,1.0,0,20.25263157894735,34,3,51,15445,2.4,16640,11270,3618,269,288,0,1150.0
San Po Kong,Low Risk,0.17833607622779613,10.0,6.86,149,9.70134228187916,4.093886813100857,1972.0,73.0,20.0,46.0,6.0,0,20.753351206434306,37,4,42,18199,2.7,26790,0,10588,6710,734,167,5200.0
Choi Wan West,Medium Risk,0.5850357600880024,32.8,7.01,17,18.17058823529411,0.15162460723213392,1987.5,0.0,1.0,35.0,5.0,0,59.29702970297031,65,17,97,12769,2.9,22800,11144,1575,26,24,0,2110.0
Lok Fu,Low Risk,0.20717473214017226,11.6,6.86,42,14.035714285714285,2.2268771779791616,1968.5,0.0,0.0,5.0,7.0,0,29.13131313131315,27,19,45,14170,2.7,21800,9944,3275,805,146,0,2410.0
Lung Ha,Low Risk,0.06075429929364774,3.4,6.86,52,9.488461538461543,0.9082565776097088,1964.5,0.0,0.0,20.0,4.0,0,13.06060606060606,19,6,25,15897,2.5,18950,2402,8787,4536,94,78,2360.0
Choi Wan East,Medium Risk,0.6256697087053863,35.1,7.01,46,11.100000000000009,0.1733097162947421,1999.0,0.0,0.0,14.0,14.0,0,201.24238227146827,325,49,538,13327,3.0,40340,5930,0,7270,127,0,3000.0
Chi Choi,Medium Risk,0.44940257586419524,25.2,6.86,150,13.63266666666669,1.8682254498302044,1985.0,0.0,5.0,30.0,8.0,0,46.59737417943104,117,7,156,15309,2.7,36180,3199,6339,5509,143,119,1960.0
Lung Tsui,Medium Risk,0.6557471252132695,36.8,6.86,46,10.126086956521739,0.6501080191064109,2003.0,0.0,0.0,6.0,9.0,0,13.042424242424241,21,6,29,15459,2.8,26170,10948,0,4201,310,0,2290.0
Wang Tau Hom,Medium Risk,0.6018791174339909,33.7,6.75,38,20.173684210526318,1.4883320030763152,1987.5,0.0,0.0,0.0,4.0,0,33.57534246575344,42,15,57,16936,2.9,21350,16886,0,0,50,0,2310.0
Lung Sheung,Medium Risk,0.3640430761550527,20.4,6.86,82,12.319512195121952,0.6429500735582561,1981.0,0.0,0.0,1.0,10.0,0,23.99724517906337,46,8,53,20102,2.7,19920,19564,0,198,120,220,3060.0
Tin Keung,Medium Risk,0.5585807472096335,31.3,6.75,44,29.50909090909093,3.797325797250986,1973.0,0.0,0.0,0.0,5.0,0,52.34969325153374,44,32,83,13258,2.6,28350,0,9585,3661,12,0,12500.0
Stubbs Road,Medium Risk,0.3107777937012376,17.4,6.57,451,11.539467849223957,0.3135976721593497,1980.0,0.0,2.0,388.0,31.0,0,194.34481283422454,383,6,388,14245,3.5,99100,0,0,13920,323,2,40500.0
Happy Valley,Medium Risk,0.34347299444625634,19.3,6.43,269,14.671375464684022,2.622726410641311,1979.0,0.0,3.0,269.0,35.0,0,22.53643724696356,67,3,73,13248,2.4,50040,0,0,13202,23,23,21250.0
Broadwood,Medium Risk,0.4319504400693981,24.2,6.43,130,15.347692307692338,1.1568486988948796,1984.0,0.0,2.0,129.0,19.0,0,42.16013628620101,98,8,114,12958,3.3,98190,0,0,12717,241,0,41000.0
Jardine's Lookout,Low Risk,0.2379769103986262,13.3,6.57,351,12.495441595441587,0.5912980057284798,1974.0,1.0,2.0,310.0,41.0,0,217.3138058172883,373,7,403,14459,3.6,122040,0,0,14196,262,1,44000.0
Tai Hang,Low Risk,0.2662752818718781,14.9,6.43,247,10.58259109311745,2.3832152435663736,1979.0,0.0,21.0,193.0,31.0,0,21.94469026548672,68,2,79,11425,2.4,50000,0,0,11336,89,0,20000.0
Causeway Bay,Low Risk,0.22326962176009596,12.5,6.43,236,11.512711864406803,2.84658322696844,1975.0,0.0,124.0,154.0,2.0,1,13.647940074906364,30,1,30,13050,2.5,30200,0,0,12978,59,13,13000.0
Tin Hau,Medium Risk,0.31198737506359703,17.5,6.94,92,13.23043478260869,1.924559321011685,1976.0,0.0,4.0,66.0,7.0,0,59.24858757062147,77,8,100,14527,2.8,31170,6221,0,8306,0,0,2430.0
Hennessy,Medium Risk,0.32255738226562036,18.1,6.83,206,11.854368932038849,2.5405220034338027,1979.0,0.0,77.0,201.0,8.0,1,13.680134680134685,38,1,39,11220,2.2,35250,0,0,11030,178,12,13000.0
Southorn,Medium Risk,0.46876765423313516,26.3,6.83,245,14.786530612244906,1.299512219344733,1985.0,0.0,67.0,198.0,15.0,1,114.04329461457239,266,5,306,13294,2.4,60000,0,0,13108,181,5,21250.0
Oi Kwan,Medium Risk,0.3677262161987603,20.6,6.83,187,12.642780748663096,1.8382944810236679,1981.0,0.0,140.0,137.0,26.0,1,14.415204678362572,26,0,25,12439,2.4,30150,0,0,12216,195,28,12600.0
Tai Fat Hau,Medium Risk,0.3793405600781044,21.3,7.0,184,12.531521739130412,1.1107551390159123,1981.0,0.0,87.0,179.0,11.0,1,18.242587601078164,63,0,68,10317,2.0,40100,0,0,10293,21,3,17000.0
Canal Road,Low Risk,0.26269114443318814,14.7,6.43,247,11.194736842105293,3.71206534802774,1978.0,0.0,131.0,151.0,5.0,1,14.506849315068495,36,0,35,11992,2.3,28040,0,0,11966,24,2,9500.0
Victoria Park,Medium Risk,0.3159025225416443,17.7,6.43,224,11.607142857142868,1.681863271557152,1981.0,1.0,50.0,135.0,3.0,1,9.120901639344266,45,0,48,13521,2.6,46640,0,0,13458,36,27,17000.0
Hoi Bun,Medium Risk,0.3866189394511288,21.7,6.26,27,8.059259259259257,0.4105442648614507,1991.0,0.0,1.0,32.0,0.0,1,10.848484848484851,23,2,24,18527,3.0,42250,0,0,18527,0,0,13000.0
Ma Wan,Medium Risk,0.6206341673377376,34.8,5.6,790,12.848354430379718,0.2223522956211342,2004.0,1.0,3.0,32.0,25.0,1,68.7497320809431,275,0,275,14409,2.6,52820,0,0,14409,0,0,15000.0
Yeung Uk Road,Low Risk,0.10068305982348129,5.6,6.26,185,9.756216216216188,12.882759765195393,1970.0,31.0,6.0,87.0,5.0,0,38.97468354430383,78,10,112,16236,2.6,24050,595,3825,11324,438,54,5200.0
Tak Wah,Low Risk,0.20223510191863675,11.3,6.26,268,13.530970149253726,5.317448022403344,1972.0,0.0,14.0,129.0,13.0,0,17.153191489361696,38,7,65,15341,2.6,19570,0,0,14783,500,58,6300.0
Tsuen Wan South,Medium Risk,0.475569133198921,26.7,6.26,132,13.973484848484865,1.2319327743650312,1989.5,63.0,13.0,60.0,2.0,0,29.184782608695663,92,2,114,22710,2.8,50170,0,0,21891,817,2,14500.0
Fuk Loi,Low Risk,0.1517008573969037,8.5,6.26,82,10.052439024390253,3.7339557682473186,1973.0,0.0,2.0,59.0,4.0,0,17.876404494382022,33,6,47,13490,2.5,18130,6913,0,6530,0,47,1920.0
Tsuen Wan West,Medium Risk,0.4609044415595431,25.8,6.26,110,11.191818181818164,1.5293889195056143,1992.0,71.0,12.0,38.0,16.0,1,22.775806451612898,73,0,76,23563,3.1,54600,0,0,22490,1070,3,20000.0
Discovery Park,Medium Risk,0.3647525241267914,20.4,6.26,71,9.307042253521129,2.9799524586581843,1988.0,11.0,2.0,29.0,0.0,0,18.703703703703695,44,5,61,17325,2.8,42040,0,0,17325,0,0,14800.0
Tsuen Wan Centre,Medium Risk,0.3029189847345522,17.0,6.26,41,10.843902439024387,2.601445239761522,1982.0,0.0,0.0,32.0,5.0,0,31.122580645161307,51,10,76,14733,2.4,30040,0,0,14230,451,52,10500.0
Lei Muk Shue West,Medium Risk,0.3027152551200468,17.0,6.26,18,6.422222222222224,0.7318990546877283,1987.5,0.0,1.0,35.0,5.0,0,104.375,34,93,147,15261,2.9,21890,15225,0,0,36,0,2240.0
Tsuen Wan Rural,Medium Risk,0.44718133074675126,25.1,5.87,341,12.933431085043992,0.40023375068709954,1991.0,0.0,1.0,88.0,7.0,1,143.89982985963417,302,1,320,18658,2.8,40390,0,0,18636,0,22,14000.0
Lei Muk Shue East,Medium Risk,0.3500039884683301,19.6,6.26,612,12.53578431372543,9.013423175358241,1983.0,12.0,0.0,7.0,4.0,0,54.127107652399474,117,13,147,19243,2.7,22040,12473,0,6325,159,286,2750.0
Cheung Shek,Medium Risk,0.36992585344653395,20.7,6.26,819,10.383028083028108,5.129757564166592,1987.0,0.0,0.0,4.0,15.0,0,131.1463195691203,169,45,219,13514,3.0,24260,9289,0,2892,430,903,2010.0
Ting Sham,Medium Risk,0.5101533034695933,28.6,5.87,728,11.456868131868113,0.427746441388752,1997.0,6.0,5.0,96.0,3.0,1,194.33111353711797,535,0,548,17009,2.9,54390,0,0,16792,48,169,16000.0
Lai To,Medium Risk,0.5032880511921463,28.2,5.87,370,13.499189189189188,0.20383628353037728,1994.0,0.0,1.0,70.0,3.0,0,282.66456482277414,518,16,547,18694,3.1,44660,0,0,18203,150,341,15500.0
Allway,Medium Risk,0.6582712037033406,36.9,7.3,579,11.587564766839368,0.5390657632660555,1999.0,4.0,0.0,74.0,16.0,0,385.1569939659901,896,8,925,18233,2.8,40220,0,0,16773,907,553,13000.0
Shek Wai Kok,Medium Risk,0.45820078152114824,25.7,7.3,232,12.218534482758617,0.0999202632013351,1985.0,0.0,0.0,0.0,1.0,0,388.304060978735,871,22,911,12198,2.4,17040,11498,0,391,166,143,2010.0
Luk Yeung,Medium Risk,0.35148914565916206,19.7,6.26,391,11.010485933503812,6.327705146981285,1985.0,0.0,1.0,22.0,12.0,0,36.4735576923077,90,9,108,14154,2.8,37240,0,0,13965,174,15,12060.0
Clague Garden,Low Risk,0.17757791800991896,10.0,6.26,104,12.224999999999987,3.0768401669590144,1972.0,0.0,1.0,68.0,3.0,0,15.185929648241206,32,6,51,16796,2.6,21830,3572,1344,11821,0,59,4500.0
Peak,Medium Risk,0.4478780760418069,25.1,6.54,862,11.711368909512775,0.5158166682115575,1989.0,0.0,10.0,746.0,31.0,0,300.958437500001,467,44,522,19202,3.7,155010,0,0,19064,138,0,80000.0
Kwun Lung,Medium Risk,0.37897408274396016,21.2,6.16,73,13.294520547945215,1.3651422142072032,1984.5,0.0,2.0,47.0,15.0,0,71.5992509363296,78,38,128,15570,2.5,28920,6184,0,8683,703,0,2320.0
Mid Levels East,Medium Risk,0.4728253656931332,26.5,7.0,334,13.473053892215557,4.353986662202721,1986.0,0.0,14.0,245.0,22.0,0,92.69892473118277,131,28,176,15464,2.4,61130,0,0,15366,87,11,25500.0
Castle Road,Medium Risk,0.41882373585915456,23.5,6.53,122,11.017213114754082,0.8620018243092586,1988.0,0.0,0.0,150.0,3.0,0,150.33552631578948,127,79,228,19279,3.1,103350,0,0,19279,0,0,36000.0
University,Medium Risk,0.42285593211535366,23.7,6.33,212,16.095283018867917,0.6866081315450159,1983.0,0.0,0.0,225.0,46.0,0,195.01650943396245,332,55,411,18548,3.3,82380,0,0,17781,725,42,33500.0
Water Street,Medium Risk,0.3192479870041696,17.9,6.47,228,12.415394736842106,7.985016868242404,1980.0,0.0,0.0,196.0,20.0,0,43.920731707317046,49,16,70,14550,2.3,37700,0,0,14472,60,18,14000.0
Tung Wah,Low Risk,0.21040690728501676,11.8,6.21,309,12.172491909385101,3.914852876560714,1974.5,0.0,8.0,282.0,16.0,0,57.09589041095891,91,16,130,12320,2.2,50040,0,0,12038,279,3,16000.0
